"badge/id","badge/title","badge/url","category/breadcrumb","category/id","category/name","freeShipping/url","id","labelGroups/0/title","labelGroups/1/title","labelGroups/2/title","labelGroups/3/title","labelGroups/4/title","labelGroups/5/title","labelGroups/6/title","labelGroups/7/title","media/image","media/image300","media/videoCustom","meta/countReview","meta/isImageBlurred","meta/isPortrait","meta/parentID","meta/warehouseID","name","price/discountPercentage","price/number","price/original","price/range","price/text","rating","shop/city","shop/id","shop/name","shop/tier","shop/ttsSellerID","shop/url","stock/maxOrder","stock/minOrder","stock/number","stock/sold","stock/ttsSKUID","ttsProductID","url"
"4","Kab. Tangerang","https://p16-images-comn-sg.tokopedia-static.net/tos-alisg-i-zr7vqa5nfb-sg/img/official_store/badge_os.png~tplv-zr7vqa5nfb-image.image","film-musik/gitar-bass/gitar-elektrik","57","Film & Musik","","13086582183","1rb+ terjual","double_date_4","PreOrder","Hemat s.d  1% Pakai Bonus","Rp1.089.900","Hemat s.d  1% Pakai Bonus","Bisa COD",,"https://p16-images-sign-sg.tokopedia-static.net/tos-alisg-i-aphluv4xwc-sg/87c749dafedb445bbd3cf075b9d6f723~tplv-aphluv4xwc-white-pad-v1:200:200.jpeg?lk3s=97278606&x-expires=1777354917&x-signature=LlxDSwz9CU4qJOi8I6%2Bjmzw1j4g%3D&x-signature-webp=hxhN9%2BlS57iE7yCFS1aBgKpsc9c%3D","https://p16-images-sign-sg.tokopedia-static.net/tos-alisg-i-aphluv4xwc-sg/87c749dafedb445bbd3cf075b9d6f723~tplv-aphluv4xwc-white-pad-v1:300:300.jpeg?lk3s=97278606&x-expires=1777354917&x-signature=TiDVWGhPJkwL%2BvrAtOpe0jezasY%3D&x-signature-webp=g44b%2Fjnr%2Fo3Os21NkZkcnX75s2U%3D","https://vod-stream.tokopedia.net/view/ttvideo?source=QeEaKL&ttvid=v10c21g50000coh0fmvog65gfri2nhc0","0","false","false","13086582177","13408153","Gitar Elektrik , Gitar Elektrik Anak Dan Dewasa , Gitar Elektrik Pemula , Gitar Elektrik Rock , Gitar Elektrik Profesional","0","1089900","Rp1.168.700","","Rp1.089.900","4.7","Kab. Tangerang","13508388","Benston Music","2","7495671279332723121","https://www.tokopedia.com/benstonmusic","458","1","458","1897","1729602007747495345","1729602096687252913","https://www.tokopedia.com/benstonmusic/benston-music-gitar-elektrik-gitar-elektrik-anak-dan-dewasa-gitar-elektrik-pemula-gitar-elektrik-rock-gitar-elektrik-profesional-warna-oranye-6a17c"
"2","Jakarta Barat",,"film-musik/gitar-bass/gitar-elektrik","57","Film & Musik",,"424712783","100+ terjual","double_date_4","Rp775.000",,,,,,"https://p19-images-sign-sg.tokopedia-static.net/tos-alisg-i-aphluv4xwc-sg/img/VqbcmM/2021/9/15/ba7fbe99-ba23-47b1-a01f-6214494e298c.jpg~tplv-aphluv4xwc-white-pad-v1:200:200.jpeg?lk3s=97278606&x-expires=1777354917&x-signature=p%2Fb%2BQ83hqET1l0FPgVYNBXvZl3U%3D&x-signature-webp=4joY4hPfaRa%2BnDmkD0lWREfxltc%3D","https://p16-images-sign-sg.tokopedia-static.net/tos-alisg-i-aphluv4xwc-sg/img/VqbcmM/2021/9/15/ba7fbe99-ba23-47b1-a01f-6214494e298c.jpg~tplv-aphluv4xwc-white-pad-v1:300:300.jpeg?lk3s=97278606&x-expires=1777354917&x-signature=rFc%2BSzsDbVqxQz7YSs%2BiOP8QcbA%3D&x-signature-webp=sHohVHXts7bVMmXT4aCQAhGz0P0%3D",,,,,,"341106","Gitar Elektrik Ibanez JEM Bonus Tas dan Kabel Jack Murah Jakarta",,"775000","Rp799.000",,"Rp775.000","4.9","Jakarta Barat","440273","Toko Gitar Jakarta Official","1","7495811584458918464","https://www.tokopedia.com/gitarjakarta","99869","1","99869","159","1729812676487317056","1729812676487251520","https://www.tokopedia.com/gitarjakarta/gitar-elektrik-ibanez-jem-bonus-tas-dan-kabel-jack-murah-jakarta"
"4","Jakarta Barat","https://p16-images-comn-sg.tokopedia-static.net/tos-alisg-i-zr7vqa5nfb-sg/img/official_store/badge_os.png~tplv-zr7vqa5nfb-image.image","film-musik/gitar-bass/gitar-elektrik","57","Film & Musik",,"100709793175","80+ terjual","double_date_4","Hemat s.d 1% Pakai Bonus","26%","Rp1.554.000","Hemat s.d 1% Pakai Bonus",,,"https://p16-images-sign-sg.tokopedia-static.net/tos-alisg-i-aphluv4xwc-sg/5c1a77f77e044b6485aa1c02c1b566e2~tplv-aphluv4xwc-white-pad-v1:200:200.jpeg?lk3s=97278606&x-expires=1777354917&x-signature=HQy4HeT3bczj7QsalmQVQLJ31RM%3D&x-signature-webp=WLyIyB2XHm5ySyREVXvXA6XJRXI%3D","https://p16-images-sign-sg.tokopedia-static.net/tos-alisg-i-aphluv4xwc-sg/5c1a77f77e044b6485aa1c02c1b566e2~tplv-aphluv4xwc-white-pad-v1:300:300.jpeg?lk3s=97278606&x-expires=1777354917&x-signature=psqY6Efug7zuds%2FshDA%2Fa%2BO6i5w%3D&x-signature-webp=SCAIxYzk9GQVvvvMK%2FGfIp%2F1Lhc%3D","https://vod-stream.tokopedia.net/view/ttvideo?source=QeEaKL&ttvid=v10c21g50000d1jnsonog65rrca8rcg0",,,,,"16374488","Donner DST - 80 Gitar Elektrik with Bag - Sunburst EC7254",,"1554000","Rp2.100.000",,"Rp1.554.000","4.9","Jakarta Barat","16547891","Donner Official Store","2","7495313222517492495","https://www.tokopedia.com/donner-official-store","9","1","9","83","1731847652777166607","1731847656801797903","https://www.tokopedia.com/donner-official-store/donner-dst-80-gitar-elektrik-with-bag-sunburst-ec7254-1731847656801797903"
"2","Jakarta Barat",,"film-musik/gitar-bass/gitar-elektrik","57","Film & Musik",,"4905974288","100+ terjual","double_date_4","Rp1.199.000",,,,,,"https://p16-images-sign-sg.tokopedia-static.net/tos-alisg-i-aphluv4xwc-sg/f48437b429c04e208a51b437ac58fdf0~tplv-aphluv4xwc-white-pad-v1:200:200.jpeg?lk3s=97278606&x-expires=1777354917&x-signature=PmcVRiZsrw1h9pzxENkxIZYslGA%3D&x-signature-webp=1xXLjUSi7DmcbS4sTteaQtN0X0k%3D","https://p16-images-sign-sg.tokopedia-static.net/tos-alisg-i-aphluv4xwc-sg/f48437b429c04e208a51b437ac58fdf0~tplv-aphluv4xwc-white-pad-v1:300:300.jpeg?lk3s=97278606&x-expires=1777354917&x-signature=FMoX0cU0Xv5taF%2F%2FjTL%2BPg%2BEbBU%3D&x-signature-webp=rsSESX3XqDcxrWSNVtkpZ4vzqVg%3D",,,,,"4905974258","341106","Gitar Elektrik Merk Gibson Les Paul Warna Sunbrust Cherry LesPaul",,"1199000",,,"Rp1.199.000","4.7","Jakarta Barat","440273","Toko Gitar Jakarta Official","1","7495811584458918464","https://www.tokopedia.com/gitarjakarta","55","1","55","104","1729984234233562688","1729984234233431616","https://www.tokopedia.com/gitarjakarta/gitar-elektrik-merk-gibson-les-paul-warna-sunbrust-cherry-lespaul-sunburst-cherry"
"2","Kab. Sleman",,"film-musik/gitar-bass/gitar-elektrik","57","Film & Musik",,"100325829748","90+ terjual","double_date_4","Hemat s.d 1% Pakai Bonus","14%","Rp1.499.500","Hemat s.d 1% Pakai Bonus",,,"https://p19-images-common-sign-sg.tokopedia-static.net/tos-maliva-i-o3syd03w52-us/01e4a878402942f584213d9e3123f0f2~tplv-o3syd03w52-resize-jpeg:200:200.jpeg?lk3s=97278606&x-expires=1777354917&x-signature=KIdUwlNoi3QuI3JlKzjIo4M61SY%3D&x-signature-webp=1lW7lyIXcDukXWkYQZbdSBKzQ%2BA%3D","https://p16-images-common-sign-sg.tokopedia-static.net/tos-maliva-i-o3syd03w52-us/01e4a878402942f584213d9e3123f0f2~tplv-o3syd03w52-resize-jpeg:300:300.jpeg?lk3s=97278606&x-expires=1777354917&x-signature=U%2FOwxilc7iIBStEyz%2B5s0UQV5Xc%3D&x-signature-webp=JdXoR7kOe4%2FFaaQv9t6%2BUi4eA9w%3D",,,,,"100325829747","18761636","Gitar Elektrik Ibanez RG Seri Up Down Custom Listrik FREE Packing Kayu gitar elektrik murah gitar listrik viral gitar elektrik ibanez gitar titok gitar band cafe kafe",,"1499500","Rp1.749.500",,"Rp1.499.500","4.6","Kab. Sleman","7494956723600854000","Rockindojogja","1","7494956723600853529","https://www.tokopedia.com/rockindojogja-712","10","1","10","90","1729704430610123289","1729680998541265433","https://www.tokopedia.com/rockindojogja-712/gitar-elektrik-ibanez-rg-series-up-down-custom-listrik-body-alder-neck-mapel-6-senar-warna-black-free-packing-kayu-1729704430610123289"
"3","Jakarta Selatan","https://p16-images-comn-sg.tokopedia-static.net/tos-alisg-i-zr7vqa5nfb-sg/img/goldmerchant/pm_activation/badge/Power%20Merchant%20Pro.png~tplv-zr7vqa5nfb-image.image","film-musik/gitar-bass/gitar-elektrik","57","Film & Musik",,"16686043742","40+ terjual","double_date_4","Hemat s.d 1% Pakai Bonus","Rp2.000.000","Hemat s.d 1% Pakai Bonus","Bisa COD",,,"https://p16-images-sign-sg.tokopedia-static.net/tos-alisg-i-aphluv4xwc-sg/img/VqbcmM/2025/5/28/323ad515-e511-460f-8ec2-10dd728f5509.png~tplv-aphluv4xwc-white-pad-v1:200:200.jpeg?lk3s=97278606&x-expires=1777354917&x-signature=pWdxwTSLt5I4naqtVfYvjsDPEHI%3D&x-signature-webp=IaVyiHq7neXTYQIqoSeiwx9w8J0%3D","https://p16-images-sign-sg.tokopedia-static.net/tos-alisg-i-aphluv4xwc-sg/img/VqbcmM/2025/5/28/323ad515-e511-460f-8ec2-10dd728f5509.png~tplv-aphluv4xwc-white-pad-v1:300:300.jpeg?lk3s=97278606&x-expires=1777354917&x-signature=vHPaUpAjWWaHwzA9yqLbefNSxGo%3D&x-signature-webp=Ml8G%2FBBpyM4dpcOD0Tr3px%2B2hTA%3D",,,,,,"8287117","Donner DST-80 Electric Guitar - Matte Black",,"2000000",,,"Rp2.000.000","5.0","Jakarta Selatan","8091204","GALERI MUSIK SIMFONI PIM","3","7495816580645358038","https://www.tokopedia.com/galerimusiksimfo","2","1","2","40","1731527729452713430","1731527729452647894","https://www.tokopedia.com/galerimusiksimfo/donner-dst-80-electric-guitar-matte-black-1731527729452647894"
"2","Jakarta Barat",,"film-musik/gitar-bass/gitar-elektrik","57","Film & Musik",,"8643051951","1 terjual","double_date_4","Hemat s.d 1% Pakai Bonus","Rp1.800.000","Hemat s.d 1% Pakai Bonus",,,,"https://p16-images-sign-sg.tokopedia-static.net/tos-alisg-i-aphluv4xwc-sg/img/VqbcmM/2023/3/20/d1c866b3-aa40-4748-a00a-62f2fd22a0a3.jpg~tplv-aphluv4xwc-white-pad-v1:200:200.jpeg?lk3s=97278606&x-expires=1777354917&x-signature=qZgGqkmV2Om4ujsor1%2BWcQ0VtX4%3D&x-signature-webp=GmzSE3De7eYYDTum%2Fg8hoWtlF7s%3D","https://p19-images-sign-sg.tokopedia-static.net/tos-alisg-i-aphluv4xwc-sg/img/VqbcmM/2023/3/20/d1c866b3-aa40-4748-a00a-62f2fd22a0a3.jpg~tplv-aphluv4xwc-white-pad-v1:300:300.jpeg?lk3s=97278606&x-expires=1777354917&x-signature=%2BfI5q1Cea1SZLUdJoFdmXdYvj3U%3D&x-signature-webp=ZUsnocZQVzWedaRszLyF3J0RLPM%3D",,,,,"8643051950","7330370","Gitar elektrik washbrun original",,"1800000",,,"Rp1.800.000",,"Jakarta Barat","7123130","toko gitar riki music","1","7495481849757338466","https://www.tokopedia.com/rikimusic","1","1","1","1","1732085560787306338","1732085560787240802","https://www.tokopedia.com/rikimusic/gitar-elektrik-washbrun-original-biru-tidak-pack-kayu-dd3a0"
"2","Jakarta Barat",,"film-musik/gitar-bass/gitar-elektrik","57","Film & Musik",,"435604196","40+ terjual","double_date_4","Rp550.000",,,,,,"https://p16-images-sign-sg.tokopedia-static.net/tos-alisg-i-aphluv4xwc-sg/img/VqbcmM/2021/10/19/f761b465-29af-4bef-94f1-7082d5247e56.jpg~tplv-aphluv4xwc-white-pad-v1:200:200.jpeg?lk3s=97278606&x-expires=1777354917&x-signature=%2BYN5CJOcN%2FBMTIfBxMVXAvCK53s%3D&x-signature-webp=nAb%2BJw%2BLY52AHT5uk7H8k%2FMdZzk%3D","https://p16-images-sign-sg.tokopedia-static.net/tos-alisg-i-aphluv4xwc-sg/img/VqbcmM/2021/10/19/f761b465-29af-4bef-94f1-7082d5247e56.jpg~tplv-aphluv4xwc-white-pad-v1:300:300.jpeg?lk3s=97278606&x-expires=1777354917&x-signature=JzNo%2B6oNPS4anK6qYySuwwcApu4%3D&x-signature-webp=APaoijHjMYxCXSBQ9NwZ6xTiDAI%3D",,,,,,"341106","Gitar Elektrik Schecter Bonus Tas dan Kabel Jack Murah Jakarta",,"550000",,,"Rp550.000","4.8","Jakarta Barat","440273","Toko Gitar Jakarta Official","1","7495811584458918464","https://www.tokopedia.com/gitarjakarta","99954","1","99954","49","1729812968018511424","1729812968018445888","https://www.tokopedia.com/gitarjakarta/gitar-elektrik-schecter-bonus-tas-dan-kabel-jack-murah-jakarta"
"2","Kab. Sukoharjo",,"film-musik/gitar-bass/strap-gitar","57","Film & Musik",,"100315339948","13 terjual","double_date_4","Hemat s.d 1% Pakai Bonus","Rp959.000","Hemat s.d 1% Pakai Bonus",,,,"https://p16-images-sign-sg.tokopedia-static.net/tos-alisg-i-aphluv4xwc-sg/ddf3f893b20b469fb45f5d84b6267487~tplv-aphluv4xwc-white-pad-v1:200:200.jpeg?lk3s=97278606&x-expires=1777354917&x-signature=NknKbnJPvuuRBAF9fNMOhqsdIcs%3D&x-signature-webp=bmUA%2BOosJjaqo9WD6Ula2tPA5Vk%3D","https://p16-images-sign-sg.tokopedia-static.net/tos-alisg-i-aphluv4xwc-sg/ddf3f893b20b469fb45f5d84b6267487~tplv-aphluv4xwc-white-pad-v1:300:300.jpeg?lk3s=97278606&x-expires=1777354917&x-signature=6MP8bcR8rlUG05LURA786AFmlZo%3D&x-signature-webp=ZHOYI2nTW332RW%2F1DUDujXQPTfM%3D",,,,,,"18751846","GITAR ELEKTRIK ORIGINAL DIFERGIO FENDER STRATOCASTER",,"959000",,,"Rp959.000","4.3","Kab. Sukoharjo","7494527090492410000","OVERHEAD GTR","1","7494527090492410064","https://www.tokopedia.com/overhead-gtr","10","1","10","13","1729780743013696720","1729780736662930640","https://www.tokopedia.com/overhead-gtr/gitar-elektrik-original-difergio-fender-stratocaster-1729780736662930640"
"2","Kab. Sukoharjo",,"film-musik/gitar-bass/gitar-elektrik","57","Film & Musik",,"100143185924","29 terjual","double_date_4","Hemat s.d 1% Pakai Bonus","Rp750.000","Hemat s.d 1% Pakai Bonus",,,,"https://p19-images-common-sign-sg.tokopedia-static.net/tos-maliva-i-o3syd03w52-us/2d5e70bb20e5445a8fec75d08fd90976~tplv-o3syd03w52-resize-jpeg:200:200.jpeg?lk3s=97278606&x-expires=1777354917&x-signature=8pUyFu0%2F6Rw8bkqWHL0nsoPGd0g%3D&x-signature-webp=blaJCZMDFTfwYHZ%2FzNYawOMWlRA%3D","https://p16-images-common-sign-sg.tokopedia-static.net/tos-maliva-i-o3syd03w52-us/2d5e70bb20e5445a8fec75d08fd90976~tplv-o3syd03w52-resize-jpeg:300:300.jpeg?lk3s=97278606&x-expires=1777354917&x-signature=WIDBy519hNVdIM%2BfT80uB83oOIg%3D&x-signature-webp=93pbFcLI7yL6badRO0FSWRFdjQU%3D",,,,,"100143185922","18424832","gitar elektrik FENDER (BONUS PEKING KAYU)",,"750000",,,"Rp750.000","3.3","Kab. Sukoharjo","7494859142929878000","Toko Barokah Gitar","1","7494859142929877929","https://www.tokopedia.com/toko-barokah-gitar","101","1","101","29","1729896734930930601","1729896731711933353","https://www.tokopedia.com/toko-barokah-gitar/gitar-elektrik-fender-bonus-peking-kayu-1729896734930930601"
"2","Kab. Tangerang",,"film-musik/gitar-bass/gitar-akustik","57","Film & Musik",,"100461370904","90+ terjual","double_date_4","Hemat s.d 1% Pakai Bonus","Rp399.000","Hemat s.d 1% Pakai Bonus","Bisa COD",,,"https://p19-images-sign-sg.tokopedia-static.net/tos-alisg-i-aphluv4xwc-sg/872c33af3a874f6b9ee970f721befafa~tplv-aphluv4xwc-white-pad-v1:200:200.jpeg?lk3s=97278606&x-expires=1777354917&x-signature=Ui28zK3q0KfhKknr3tCUtUI1lfU%3D&x-signature-webp=XNcU8nEA%2FPJ1jllhA%2BerwHQmp4w%3D","https://p16-images-sign-sg.tokopedia-static.net/tos-alisg-i-aphluv4xwc-sg/872c33af3a874f6b9ee970f721befafa~tplv-aphluv4xwc-white-pad-v1:300:300.jpeg?lk3s=97278606&x-expires=1777354917&x-signature=biIzmrbRjbavtG9fWTAa%2FaVRp5A%3D&x-signature-webp=atW0%2BSpMTyBWhPzV%2FGIZNYpVIlk%3D",,,,,"100461370903","18958536","gitar yamaha akustik elektrik digital terbaru dan termurah berkualitas premium",,"399000",,,"Rp399.000","4.2","Kab. Tangerang","7495523115672111000","gitartangerang","1","7495523115672111574","https://www.tokopedia.com/gitartangerang","96","1","96","99","1729804319763367382","1729564290701231574","https://www.tokopedia.com/gitartangerang/gitar-yamaha-akustik-elektrik-digital-terbaru-dan-termurah-berkualitas-premium-1729804319763367382"
"2","Kab. Tangerang",,"film-musik/gitar-bass/capo-gitar-bass","57","Film & Musik",,"100515185022","26 terjual","double_date_4","Rp2.000.000",,,,,,"https://p19-images-sign-sg.tokopedia-static.net/tos-alisg-i-aphluv4xwc-sg/b415ac95eb64491ebfdc7b2844df0aad~tplv-aphluv4xwc-white-pad-v1:200:200.jpeg?lk3s=97278606&x-expires=1777354917&x-signature=f6ZD40AGCTz5l0wad11S8A8vf40%3D&x-signature-webp=7ir8tfcBf54KoAAleo0iiUEUDao%3D","https://p16-images-sign-sg.tokopedia-static.net/tos-alisg-i-aphluv4xwc-sg/b415ac95eb64491ebfdc7b2844df0aad~tplv-aphluv4xwc-white-pad-v1:300:300.jpeg?lk3s=97278606&x-expires=1777354917&x-signature=1WbdWDdWPvH7SO5XHIyp%2F9mzyjs%3D&x-signature-webp=ww5L%2BpTP6iUnx1bzyTpH5xK5DtE%3D",,,,,,"8907426","Donner DST-80 Matton Black Electric Guitar with Amplifier, Strap, String, Tuner, Cable, Capo, and Pick / Donner dst 80 gitar elektrik",,"2000000",,,"Rp2.000.000","5.0","Kab. Tangerang","8750711","ONE Store Musik","1","7494897174341847722","https://www.tokopedia.com/theonestore-1","5","1","5","26","1731470629524571818","1731470626528528042","https://www.tokopedia.com/theonestore-1/donner-dst-80-matton-black-electric-guitar-with-amplifier-strap-string-tuner-cable-capo-and-pick-donner-dst-80-gitar-elektrik-1731470626528528042"
"2","Jakarta Barat",,"film-musik/gitar-bass/gitar-elektrik","57","Film & Musik",,"8811722142","2 terjual","double_date_4","Hemat s.d 1% Pakai Bonus","Rp1.550.000","Hemat s.d 1% Pakai Bonus",,,,"https://p16-images-sign-sg.tokopedia-static.net/tos-alisg-i-aphluv4xwc-sg/img/VqbcmM/2023/3/28/d5b814ef-d4b9-41fc-8f45-15ab9d107155.jpg~tplv-aphluv4xwc-white-pad-v1:200:200.jpeg?lk3s=97278606&x-expires=1777354917&x-signature=m3nn2HvabjiOCXCQU8hYlCUDoxw%3D&x-signature-webp=8AhgXV16FlcA47pzmiVfJ%2BXwVxs%3D","https://p16-images-sign-sg.tokopedia-static.net/tos-alisg-i-aphluv4xwc-sg/img/VqbcmM/2023/3/28/d5b814ef-d4b9-41fc-8f45-15ab9d107155.jpg~tplv-aphluv4xwc-white-pad-v1:300:300.jpeg?lk3s=97278606&x-expires=1777354917&x-signature=Ie8J8R0JX3A57Q5E5nVFJgNtGNc%3D&x-signature-webp=DnVnOqZkZjQth9BqQ6U7aDQvmOY%3D",,,,,"8811722123","7330370","gitar listrik PRS XRP Original",,"1550000",,,"Rp1.550.000",,"Jakarta Barat","7123130","toko gitar riki music","1","7495481849757338466","https://www.tokopedia.com/rikimusic","2","1","2","2","1732085555001001826","1732085555000674146","https://www.tokopedia.com/rikimusic/gitar-listrik-prs-xrp-original-gold-tidak-pack-kayu-df3c4"
"4","Jakarta Utara","https://p16-images-comn-sg.tokopedia-static.net/tos-alisg-i-zr7vqa5nfb-sg/img/official_store/badge_os.png~tplv-zr7vqa5nfb-image.image","film-musik/gitar-bass/gitar-elektrik","57","Film & Musik",,"102618765505","70+ terjual","double_date_4","Beli Lokal","Hemat s.d 1% Pakai Bonus","Rp1.299.000","Hemat s.d 1% Pakai Bonus",,,"https://p19-images-sign-sg.tokopedia-static.net/tos-alisg-i-aphluv4xwc-sg/89deec9d9efd46859c0409565152187b~tplv-aphluv4xwc-white-pad-v1:200:200.jpeg?lk3s=97278606&x-expires=1777354917&x-signature=F5rVnZtoKkCxhLwWXQkrPseTHF0%3D&x-signature-webp=7iBIvGSoYXFQLS62owJ7YAye9f0%3D","https://p16-images-sign-sg.tokopedia-static.net/tos-alisg-i-aphluv4xwc-sg/89deec9d9efd46859c0409565152187b~tplv-aphluv4xwc-white-pad-v1:300:300.jpeg?lk3s=97278606&x-expires=1777354917&x-signature=vXOcj%2BRWMIHyxDszgef7K6oJ8Lk%3D&x-signature-webp=PnvzS8rSGcnjA5A%2BIpdTaYnlFOU%3D",,,,,"15942912944","7255816","MANDALIKA MST-120 GITAR ELEKTRIK ORIGINAL GLOSS FINISH",,"1299000",,,"Rp1.299.000","4.9","Jakarta Utara","7048427","Mandalikamusic","2","7494479133739027291","https://www.tokopedia.com/mandalikamusic","3","1","3","71","1733370640741664603","1730682396356151131","https://www.tokopedia.com/mandalikamusic/mandalika-mst-120-gitar-elektrik-original-gloss-finish-1733370640741664603"
"2","Kab. Sukoharjo",,"film-musik/gitar-bass/gitar-elektrik","57","Film & Musik",,"100335063261","24 terjual","double_date_4","Hemat s.d 1% Pakai Bonus","Rp1.520.000","Hemat s.d 1% Pakai Bonus","Bisa COD",,,"https://p16-images-sign-sg.tokopedia-static.net/tos-alisg-i-aphluv4xwc-sg/deee62446b574fcf98fd3b9ff0c9919a~tplv-aphluv4xwc-white-pad-v1:200:200.jpeg?lk3s=97278606&x-expires=1777354917&x-signature=sRu8535JJw%2BKLFJc1Z8tJfwevR4%3D&x-signature-webp=MKEvYv%2BdyESSzVuRDLTJPE%2FbyZE%3D","https://p16-images-sign-sg.tokopedia-static.net/tos-alisg-i-aphluv4xwc-sg/deee62446b574fcf98fd3b9ff0c9919a~tplv-aphluv4xwc-white-pad-v1:300:300.jpeg?lk3s=97278606&x-expires=1777354917&x-signature=EOqv79QB9XJxrdXnhY%2FtWeN%2Foeg%3D&x-signature-webp=bPwWywyJnjv0WIWNjn4BiqVvb8U%3D",,,,,"100335063260","18772955","Difergio GITAR ELEKTRIK LEOPARD ORIGINAL MODEL IBANEZ Alat Musik Modern Kayu Neck Maple Fretboard Maple/Rosewood Asli Produk Lokal Body Standart Indonesian Wood Pickup Impor Bridge 6 Saddle Tremolo Updown Black/Crome Strings 0942 Nickel Plated - Guitar",,"1520000",,,"Rp1.520.000","5.0","Kab. Sukoharjo","7495756797916581000","Rivertone Musik","1","7495756797916580491","https://www.tokopedia.com/rivertone-musik","10","1","10","24","1729775953893164683","1729632478996956811","https://www.tokopedia.com/rivertone-musik/difergio-gitar-elektrik-leopard-original-model-ibanez-alat-musik-modern-kayu-neck-maple-fretboard-maple-rosewood-asli-produk-lokal-body-standart-indonesian-wood-pickup-impor-bridge-6-saddle-tremolo-updown-black-crome-strings-0942-nickel-plated-guitar-1729775953893164683"
"2","Kab. Sukoharjo",,"film-musik/musik/lainnya","57","Film & Musik",,"100314978402","30+ terjual","double_date_4","Hemat s.d 1% Pakai Bonus","Rp1.090.000","Hemat s.d 1% Pakai Bonus",,,,"https://p16-images-sign-sg.tokopedia-static.net/tos-alisg-i-aphluv4xwc-sg/02c49d0859f04358b891ef572fc2e9e5~tplv-aphluv4xwc-white-pad-v1:200:200.jpeg?lk3s=97278606&x-expires=1777354917&x-signature=zz%2ByEKSauZN0Sj3yqP%2FLPDXFKa8%3D&x-signature-webp=gtPIYwUMFH419OZUyA2a5KGFw8M%3D","https://p16-images-sign-sg.tokopedia-static.net/tos-alisg-i-aphluv4xwc-sg/02c49d0859f04358b891ef572fc2e9e5~tplv-aphluv4xwc-white-pad-v1:300:300.jpeg?lk3s=97278606&x-expires=1777354917&x-signature=OMJkXha5HOxnHb6LJwvwchi2vlc%3D&x-signature-webp=STGAsdXTLNa%2BEJa%2FHRyK6nknH8s%3D",,,,,,"18751846","Gitar Elektrik Model Telecaster Eros Chandra Signature Ijo Kraton Original Difergio",,"1090000",,,"Rp1.090.000","5.0","Kab. Sukoharjo","7494527090492410000","OVERHEAD GTR","1","7494527090492410064","https://www.tokopedia.com/overhead-gtr","10","1","10","30","1729760716168070352","1729760709718279376","https://www.tokopedia.com/overhead-gtr/gitar-elektrik-model-telecaster-eros-chandra-signature-ijo-kraton-original-difergio-1729760709718279376"
"2","Kab. Sukoharjo",,"film-musik/gitar-bass/gitar-elektrik","57","Film & Musik",,"100143262797","100+ terjual","double_date_4","Hemat s.d 1% Pakai Bonus","Rp500.000","Hemat s.d 1% Pakai Bonus",,,,"https://p16-images-common-sign-sg.tokopedia-static.net/tos-maliva-i-o3syd03w52-us/da25f59141784f7a905616e8408ee7f0~tplv-o3syd03w52-resize-jpeg:200:200.jpeg?lk3s=97278606&x-expires=1777354917&x-signature=MurQsXH%2FNnQCPILs6tUYvRgXgHE%3D&x-signature-webp=jSmO5Kd0kPF65EmPGQrNnNmL%2FGU%3D","https://p16-images-common-sign-sg.tokopedia-static.net/tos-maliva-i-o3syd03w52-us/da25f59141784f7a905616e8408ee7f0~tplv-o3syd03w52-resize-jpeg:300:300.jpeg?lk3s=97278606&x-expires=1777354917&x-signature=PdCTpq2geON5WBMAcvr5SpBzaLE%3D&x-signature-webp=KDrtoH98K6Zmike6nNqG%2BOvb%2BHo%3D",,,,,"100143262796","18424832","Gitar Elektrik Ibanez.(Gratis peking kayu)",,"500000",,,"Rp500.000","4.2","Kab. Sukoharjo","7494859142929878000","Toko Barokah Gitar","1","7494859142929877929","https://www.tokopedia.com/toko-barokah-gitar","1148","1","1148","118","1729867257659886505","1729867257659820969","https://www.tokopedia.com/toko-barokah-gitar/gitar-elektrik-ibanez-gratis-peking-kayu-1729867257659886505"
"4","Jakarta Utara","https://p16-images-comn-sg.tokopedia-static.net/tos-alisg-i-zr7vqa5nfb-sg/img/official_store/badge_os.png~tplv-zr7vqa5nfb-image.image","film-musik/gitar-bass/gitar-elektrik","57","Film & Musik",,"102575018152","90+ terjual","double_date_4","Beli Lokal","Hemat s.d 1% Pakai Bonus","34%","Rp1.095.000","Hemat s.d 1% Pakai Bonus",,"https://p16-images-sign-sg.tokopedia-static.net/tos-alisg-i-aphluv4xwc-sg/4124a0f972f54dca9e2400356643bcf1~tplv-aphluv4xwc-white-pad-v1:200:200.jpeg?lk3s=97278606&x-expires=1777354917&x-signature=q7aohpbd518LTpBXW0fY84jJGmU%3D&x-signature-webp=xED1bvKZB9WTMWRQzG%2BXC85NN38%3D","https://p16-images-sign-sg.tokopedia-static.net/tos-alisg-i-aphluv4xwc-sg/4124a0f972f54dca9e2400356643bcf1~tplv-aphluv4xwc-white-pad-v1:300:300.jpeg?lk3s=97278606&x-expires=1777354917&x-signature=bkSwXNS1gmbX%2B5lylL4Jl9fUSHo%3D&x-signature-webp=CFnt5BDWnMnbSnubbcUDqyc96No%3D",,,,,"100608611684","7255816","MANDALIKA MTL-120 GITAR ELEKTRIK GLOSSY GLITTER FINISH PREMIUM",,"1095000","Rp1.650.000",,"Rp1.095.000","4.9","Jakarta Utara","7048427","Mandalikamusic","2","7494479133739027291","https://www.tokopedia.com/mandalikamusic","1","1","1","92","1733251468336138075","1730682421705475931","https://www.tokopedia.com/mandalikamusic/mandalika-mtl-120-gitar-elektrik-glossy-glitter-finish-premium-1733251468336138075"
"2","Kab. Gresik",,"film-musik/gitar-bass/gitar-elektrik","57","Film & Musik",,"102789769862","double_date_4","Rp750.000",,,,,,,"https://p16-images-sign-sg.tokopedia-static.net/tos-alisg-i-aphluv4xwc-sg/7c1cdc52b3e44877ba858b3f272f2da9~tplv-aphluv4xwc-white-pad-v1:200:200.jpeg?lk3s=97278606&x-expires=1777354917&x-signature=kXTdBqUGNtN1ibcVhLcQy1i0SG0%3D&x-signature-webp=UO6HkL%2Fjc0Ipc1NepDkZ%2BKfDiMY%3D","https://p16-images-sign-sg.tokopedia-static.net/tos-alisg-i-aphluv4xwc-sg/7c1cdc52b3e44877ba858b3f272f2da9~tplv-aphluv4xwc-white-pad-v1:300:300.jpeg?lk3s=97278606&x-expires=1777354917&x-signature=68SkGCyode17wuzxp78mjsLSehY%3D&x-signature-webp=Yv1SUXcX8bZabM4xPAx8drEO5qs%3D",,,,,,"2891138","Gitar Elektrik Scorpion ME400 Original Ibanez Updown Jackson Gillmore",,"750000",,,"Rp750.000",,"Kab. Gresik","3805902","Gitar dan Bass Surabaya","1","7495812184036771948","https://www.tokopedia.com/archive-gitardanbasssby","1","1","1",,"1733860578227225708","1733860434396939372","https://www.tokopedia.com/archive-gitardanbasssby/gitar-elektrik-scorpion-me400-original-ibanez-updown-jackson-gillmore-1733860434396939372"
"2","Kab. Bogor",,"film-musik/gitar-bass/gitar-elektrik","57","Film & Musik",,"157504310","100+ terjual","double_date_4","Hemat s.d 1% Pakai Bonus","Rp400.000","Hemat s.d 1% Pakai Bonus",,,,"https://p16-images-sign-sg.tokopedia-static.net/tos-alisg-i-aphluv4xwc-sg/img/product-1/2019/5/16/157504310/157504310_38765d0e-b886-4f20-979d-518c4cccdc60_612_612.jpg~tplv-aphluv4xwc-white-pad-v1:200:200.jpeg?lk3s=97278606&x-expires=1777354917&x-signature=vv40YycpVX7ConpPzVrk2yEyfrk%3D&x-signature-webp=cg4ejOHwSmaRtwDKXwtS70eon7E%3D","https://p16-images-sign-sg.tokopedia-static.net/tos-alisg-i-aphluv4xwc-sg/img/product-1/2019/5/16/157504310/157504310_38765d0e-b886-4f20-979d-518c4cccdc60_612_612.jpg~tplv-aphluv4xwc-white-pad-v1:300:300.jpeg?lk3s=97278606&x-expires=1777354917&x-signature=ExsonEY%2B5UiAwawt42bP1aTsA4g%3D&x-signature-webp=rI33T9sMjyUE7g6COTuvcI3JKeM%3D",,,,,,"301520","gitar listrik gibson sunbrush fire",,"400000",,,"Rp400.000","4.7","Kab. Bogor","239061","NS Music_NEW","1","7495809668247423768","https://www.tokopedia.com/nifiviashop","99989","1","99989","165","1729804533141374744","1729804533141309208","https://www.tokopedia.com/nifiviashop/gitar-listrik-gibson-sunbrush-fire"
"3","Bandung","https://p16-images-comn-sg.tokopedia-static.net/tos-alisg-i-zr7vqa5nfb-sg/img/goldmerchant/pm_activation/badge/Power%20Merchant%20Pro.png~tplv-zr7vqa5nfb-image.image","film-musik/gitar-bass/gitar-elektrik","57","Film & Musik",,"196316152","30+ terjual","double_date_4","Rp1.400.000",,,,,,"https://p19-images-sign-sg.tokopedia-static.net/tos-alisg-i-aphluv4xwc-sg/23fd8983dadb452eac08ac3c9683cf4c~tplv-aphluv4xwc-white-pad-v1:200:200.jpeg?lk3s=97278606&x-expires=1777354917&x-signature=9R2zCruo%2Bai%2FUnD3Mp3fPgNZARg%3D&x-signature-webp=IX%2Br3qRMQ8TPn6HmCTtFGvzR8jU%3D","https://p16-images-sign-sg.tokopedia-static.net/tos-alisg-i-aphluv4xwc-sg/23fd8983dadb452eac08ac3c9683cf4c~tplv-aphluv4xwc-white-pad-v1:300:300.jpeg?lk3s=97278606&x-expires=1777354917&x-signature=skwx7lIn3FVhgTU3XrKnh34067Q%3D&x-signature-webp=xOPwZurcuJ0vIsKzCucGBkAYm%2BM%3D",,,,,,"135313","Scorpion SS120 WH Gitar Elektrik White Original",,"1400000",,,"Rp1.400.000","5.0","Bandung","169742","HurtRock Music Store","3","7494544584618445323","https://www.tokopedia.com/hurtrock-music-store","2","1","2","32","1731397550919026187","1731397550918960651","https://www.tokopedia.com/hurtrock-music-store/scorpion-ss120-wh-gitar-elektrik-white-original-1731397550918960651"
"4","Jakarta Utara","https://p16-images-comn-sg.tokopedia-static.net/tos-alisg-i-zr7vqa5nfb-sg/img/official_store/badge_os.png~tplv-zr7vqa5nfb-image.image","film-musik/gitar-bass/gitar-elektrik","57","Film & Musik",,"103239470656","double_date_4","Beli Lokal","Hemat s.d 1% Pakai Bonus","24%","Rp1.399.000","Hemat s.d 1% Pakai Bonus",,,"https://p16-images-sign-sg.tokopedia-static.net/tos-alisg-i-aphluv4xwc-sg/d2a75470a77944eba413ad0fd442d166~tplv-aphluv4xwc-white-pad-v1:200:200.jpeg?lk3s=97278606&x-expires=1777354917&x-signature=mlUl1MGN%2BUvLOL%2F1kr9viV4TU08%3D&x-signature-webp=eh8Fnga3OBc64yYwfoei1llc2uM%3D","https://p16-images-sign-sg.tokopedia-static.net/tos-alisg-i-aphluv4xwc-sg/d2a75470a77944eba413ad0fd442d166~tplv-aphluv4xwc-white-pad-v1:300:300.jpeg?lk3s=97278606&x-expires=1777354917&x-signature=nUpH5pEsd5UexhNK%2FXFQZVuVjfU%3D&x-signature-webp=miuHhAeU8crwkyyBVuJRf5EaecM%3D",,,,,"103157884375","7255816","MANDALIKA MTP120-NS NATURAL BROWN WOOD DOFF GITAR ELEKTRIK ORIGINAL",,"1399000","Rp1.850.000",,"Rp1.399.000",,"Jakarta Utara","7048427","Mandalikamusic","2","7494479133739027291","https://www.tokopedia.com/mandalikamusic","1","1","1",,"1735083406541227867","1734822580793018203","https://www.tokopedia.com/mandalikamusic/mandalika-mtp120-ns-natural-brown-wood-doff-up-down-gitar-elektrik-original-1734822580793018203-1735083406541227867"
"2","Kab. Sukoharjo",,"film-musik/gitar-bass/gitar-elektrik","57","Film & Musik",,"100334489215","20 terjual","double_date_4","Hemat s.d 1% Pakai Bonus","Rp1.305.000","Hemat s.d 1% Pakai Bonus","Bisa COD",,,"https://p16-images-sign-sg.tokopedia-static.net/tos-alisg-i-aphluv4xwc-sg/3483fd21e5144437ac4780cb11c0d6ea~tplv-aphluv4xwc-white-pad-v1:200:200.jpeg?lk3s=97278606&x-expires=1777354917&x-signature=IcXztpkheXvDYU7wkOyd%2B42WEKQ%3D&x-signature-webp=CdEV06jYKOopWtsakTIYviMQiEo%3D","https://p16-images-sign-sg.tokopedia-static.net/tos-alisg-i-aphluv4xwc-sg/3483fd21e5144437ac4780cb11c0d6ea~tplv-aphluv4xwc-white-pad-v1:300:300.jpeg?lk3s=97278606&x-expires=1777354917&x-signature=OvfmL9iXjfOiTXPUlnQdJ3O322Y%3D&x-signature-webp=dsb%2FeEwk7M1XMB6wrMMqJalKy3s%3D",,,,,"100334489214","18772955","Gitar Elektrik Ibanez RG Premium Red Updown Model Kayu Neck Maple Frettboard Rosewood/Sonokeling",,"1305000","Rp1.450.000",,"Rp1.305.000","5.0","Kab. Sukoharjo","7495756797916581000","Rivertone Musik","1","7495756797916580491","https://www.tokopedia.com/rivertone-musik","3","1","3","20","1730204188269643403","1729906431968052875","https://www.tokopedia.com/rivertone-musik/gitar-elektrik-ibanez-rg-premium-red-updown-model-kayu-neck-maple-frettboard-rosewood-sonokeling-1730204188269643403"
"2","Kab. Sleman",,"film-musik/gitar-bass/gitar-elektrik","57","Film & Musik",,"100325063283","26 terjual","double_date_4","Hemat s.d 1% Pakai Bonus","Rp1.149.500","Hemat s.d 1% Pakai Bonus",,,,"https://p16-images-sign-sg.tokopedia-static.net/tos-alisg-i-aphluv4xwc-sg/fce787c047c54e08a3939a4203410cbf~tplv-aphluv4xwc-white-pad-v1:200:200.jpeg?lk3s=97278606&x-expires=1777354917&x-signature=GiHIHXL0q84fKzP6J9iDgSwhtAk%3D&x-signature-webp=B5j3Xfs43KOyeBU7r%2BXMfSqMnYI%3D","https://p16-images-sign-sg.tokopedia-static.net/tos-alisg-i-aphluv4xwc-sg/fce787c047c54e08a3939a4203410cbf~tplv-aphluv4xwc-white-pad-v1:300:300.jpeg?lk3s=97278606&x-expires=1777354917&x-signature=zrya96BfhHqKhWnwgRBf2DN0NKg%3D&x-signature-webp=AGwcfrwfbN1rYZzyoSlegFQJHI4%3D",,,,,"100325063282","18761636","Gitar Elektrik PRS limited Custome Listrik gitar elektrik murah gitar listrik viral gitar elektrik pemula",,"1149500","Rp1.199.500",,"Rp1.149.500","4.9","Kab. Sleman","7494956723600854000","Rockindojogja","1","7494956723600853529","https://www.tokopedia.com/rockindojogja-712","12","1","12","26","1729565176030725657","1729864256798362137","https://www.tokopedia.com/rockindojogja-712/gitar-elektrik-prs-limited-custome-listrik-1729565176030725657"
"2","Kab. Sukoharjo",,"film-musik/gitar-bass/senar-gitar","57","Film & Musik",,"100314948083","3 terjual","double_date_4","Hemat s.d 1% Pakai Bonus","Rp1.100.000","Hemat s.d 1% Pakai Bonus","Bisa COD",,,"https://p16-images-sign-sg.tokopedia-static.net/tos-alisg-i-aphluv4xwc-sg/313ad088613c4c2e83beb4348b16d7a1~tplv-aphluv4xwc-white-pad-v1:200:200.jpeg?lk3s=97278606&x-expires=1777354917&x-signature=IQI5selsWkpb9K1tEMwKEjhIJic%3D&x-signature-webp=l1pqHzoepNLY77X7T%2Fahuu78n0U%3D","https://p16-images-sign-sg.tokopedia-static.net/tos-alisg-i-aphluv4xwc-sg/313ad088613c4c2e83beb4348b16d7a1~tplv-aphluv4xwc-white-pad-v1:300:300.jpeg?lk3s=97278606&x-expires=1777354917&x-signature=jDGprI1s41KZ7Sw5AHMW%2FFDIDuo%3D&x-signature-webp=7gclj7lSA%2FKVii3FBm%2ButPu8cBc%3D",,,,,,"18751846","Gitar Elektrik Listrik Gibson SG Black Glossy - Full Solid Javanes Wood - Senar, Kayu",,"1100000",,,"Rp1.100.000","5.0","Kab. Sukoharjo","7494527090492410000","OVERHEAD GTR","1","7494527090492410064","https://www.tokopedia.com/overhead-gtr","11","1","11","3","1729760192592905424","1729760185061508304","https://www.tokopedia.com/overhead-gtr/gitar-elektrik-listrik-gibson-sg-black-glossy-full-solid-javanes-wood-senar-kayu-1729760185061508304"
"2","Kab. Sukoharjo",,"film-musik/gitar-bass/gitar-elektrik","57","Film & Musik",,"102995552532","3 terjual","double_date_4","Beli Lokal","Hemat s.d 1% Pakai Bonus","12%","Rp1.499.900","Hemat s.d 1% Pakai Bonus","+Hadiah Gratis","https://p16-images-sign-sg.tokopedia-static.net/tos-alisg-i-aphluv4xwc-sg/5e5d5ced84794502a1377fef61a327ec~tplv-aphluv4xwc-white-pad-v1:200:200.jpeg?lk3s=97278606&x-expires=1777354917&x-signature=xxDRE0gn8JCZaH3Rh%2BUEKgAT%2FaA%3D&x-signature-webp=XCoUhzfB6TiIRALzoR7mQkM%2FWyw%3D","https://p16-images-sign-sg.tokopedia-static.net/tos-alisg-i-aphluv4xwc-sg/5e5d5ced84794502a1377fef61a327ec~tplv-aphluv4xwc-white-pad-v1:300:300.jpeg?lk3s=97278606&x-expires=1777354917&x-signature=23tYhIDQWIygJ4jNFhlpqEdVW9c%3D&x-signature-webp=qpjpzXtkpcbBsaYEQy7JkIYbmng%3D",,,,,"102995552531","409440","MYM Guitars Gitar Elektrik Original Seri MST 10",,"1499900","Rp1.700.000",,"Rp1.499.900","4.5","Kab. Sukoharjo","764634","Mym Music Store","1","7494506303776065652","https://www.tokopedia.com/mymmusicstore1","99","1","99","3","1734333217685144692","1734332884603208820","https://www.tokopedia.com/mymmusicstore1/mym-guitars-gitar-elektrik-original-seri-mst-10-1734333217685144692"
"4","Jakarta Utara","https://p16-images-comn-sg.tokopedia-static.net/tos-alisg-i-zr7vqa5nfb-sg/img/official_store/badge_os.png~tplv-zr7vqa5nfb-image.image","film-musik/gitar-bass/gitar-elektrik","57","Film & Musik",,"102733071851","40+ terjual","double_date_4","Beli Lokal","Hemat s.d 1% Pakai Bonus","27%","Rp1.348.900","Hemat s.d 1% Pakai Bonus",,"https://p19-images-sign-sg.tokopedia-static.net/tos-alisg-i-aphluv4xwc-sg/ba095befc9534d1f8ca9bd7c587da898~tplv-aphluv4xwc-white-pad-v1:200:200.jpeg?lk3s=97278606&x-expires=1777354917&x-signature=BhNx1x8J9REb4GnSPz7%2Fv3frsCw%3D&x-signature-webp=Rnh2xyvkpvMPP94d0CRhD%2FNERO8%3D","https://p16-images-sign-sg.tokopedia-static.net/tos-alisg-i-aphluv4xwc-sg/ba095befc9534d1f8ca9bd7c587da898~tplv-aphluv4xwc-white-pad-v1:300:300.jpeg?lk3s=97278606&x-expires=1777354917&x-signature=xRJVePmIyLNqhx9P%2BCZ7dHoc0h4%3D&x-signature-webp=ggnpyZr22NkiXB69Cnz0oxOKUXo%3D",,,,,"102733071849","7255816","MANDALIKA MUD-120 GITAR ELEKTRIK UP DOWN ORIGINAL GLOSS FINISH",,"1348900","Rp1.850.000",,"Rp1.348.900","4.5","Jakarta Utara","7048427","Mandalikamusic","2","7494479133739027291","https://www.tokopedia.com/mandalikamusic","2","1","2","46","1733713566568122203","1733713595673708379","https://www.tokopedia.com/mandalikamusic/mandalika-mud-120-gitar-elektrik-up-down-original-gloss-finish-1733713566568122203"
"2","Jakarta Barat",,"film-musik/gitar-bass/gitar-elektrik","57","Film & Musik",,"424711899","40+ terjual","double_date_4","Rp750.000",,,,,,"https://p19-images-sign-sg.tokopedia-static.net/tos-alisg-i-aphluv4xwc-sg/img/VqbcmM/2024/12/5/1362c0e2-1144-4091-9e38-cc2bff928750.png~tplv-aphluv4xwc-white-pad-v1:200:200.jpeg?lk3s=97278606&x-expires=1777354917&x-signature=ybvcs9yUAEvmzA30mX9PhtJC984%3D&x-signature-webp=1k1w9piSciYRKWw7Hg%2BZQHiKxt4%3D","https://p16-images-sign-sg.tokopedia-static.net/tos-alisg-i-aphluv4xwc-sg/img/VqbcmM/2024/12/5/1362c0e2-1144-4091-9e38-cc2bff928750.png~tplv-aphluv4xwc-white-pad-v1:300:300.jpeg?lk3s=97278606&x-expires=1777354917&x-signature=7t91GsrmgVjr126opr%2BIR5W5hFg%3D&x-signature-webp=diw%2FHybiy6aqHiPsR7pzkJQRcVg%3D",,,,,,"341106","Gitar Elektrik Ibanez PGM Bonus Tas dan Kabel Jack Murah Jakarta",,"750000","Rp775.000",,"Rp750.000","4.7","Jakarta Barat","440273","Toko Gitar Jakarta Official","1","7495811584458918464","https://www.tokopedia.com/gitarjakarta","99979","1","99979","47","1729812676477879872","1729812676477814336","https://www.tokopedia.com/gitarjakarta/gitar-elektrik-ibanez-pgm-bonus-tas-dan-kabel-jack-murah-jakarta"
"2","Semarang",,"film-musik/gitar-bass/gitar-akustik","57","Film & Musik",,"102350647785","250+ terjual","double_date_4","Beli Lokal","Hemat s.d 1% Pakai Bonus","65%","Rp349.899","Hemat s.d 1% Pakai Bonus","Bisa COD","https://p16-images-sign-sg.tokopedia-static.net/tos-alisg-i-aphluv4xwc-sg/22e0edacf6ee43ac85222dfd48cf64ef~tplv-aphluv4xwc-white-pad-v1:200:200.jpeg?lk3s=97278606&x-expires=1777354917&x-signature=%2BTUKUJ6AdxksCz%2FpeUw4Ara%2BaIU%3D&x-signature-webp=EPTe3%2BwKAm2e3qs46c2lYyLCzHQ%3D","https://p19-images-sign-sg.tokopedia-static.net/tos-alisg-i-aphluv4xwc-sg/22e0edacf6ee43ac85222dfd48cf64ef~tplv-aphluv4xwc-white-pad-v1:300:300.jpeg?lk3s=97278606&x-expires=1777354917&x-signature=0%2B440BEiOhBf1fx1WlVCo72X7v4%3D&x-signature-webp=lEIe%2BSr6GCCIpjXIASkmW7N2osw%3D",,,,,"100291147823","2005086","Gitar Akustik Elektrik Taylor Custom Tanam Besi (TT)",,"349899","Rp1.000.000",,"Rp349.899","4.7","Semarang","2480948","Gallery Music Semarang","1","7494812570411370798","https://www.tokopedia.com/gallerymusicsemarang","9976","1","9976","285","1732699811960882478","1729576550100601134","https://www.tokopedia.com/gallerymusicsemarang/gitar-akustik-elektrik-taylor-custom-tanam-besi-tt-1732699811960882478"
"2","Kab. Sukoharjo",,"film-musik/gitar-bass/gitar-elektrik","57","Film & Musik",,"100334991031","9 terjual","double_date_4","Hemat s.d 1% Pakai Bonus","Rp1.251.000","Hemat s.d 1% Pakai Bonus","Bisa COD",,,"https://p16-images-sign-sg.tokopedia-static.net/tos-alisg-i-aphluv4xwc-sg/11f8d1a90c7a46eea4bf8d7c83d719e7~tplv-aphluv4xwc-white-pad-v1:200:200.jpeg?lk3s=97278606&x-expires=1777354917&x-signature=Dp1xsHOd3OlZ5KAEgZVpuMwWZGA%3D&x-signature-webp=huGPzZhHeXbVoUm1Jyb04ia%2BDsk%3D","https://p16-images-sign-sg.tokopedia-static.net/tos-alisg-i-aphluv4xwc-sg/11f8d1a90c7a46eea4bf8d7c83d719e7~tplv-aphluv4xwc-white-pad-v1:300:300.jpeg?lk3s=97278606&x-expires=1777354917&x-signature=NQQR7xWDzIdlVTBdjd5vnilWZYI%3D&x-signature-webp=Q5YhSnb5WNOUn0QiH9Kl%2BI4LE1Q%3D",,,,,"100334991030","18772955","Difergio Gitar Elektrik Gibson SG White Model PRS Green Blue RED Kayu Solid Body Indonesian Wood Fretboard Rosewood Pick Tas Strap Kabel Jack",,"1251000","Rp1.390.000",,"Rp1.251.000","5.0","Kab. Sukoharjo","7495756797916581000","Rivertone Musik","1","7495756797916580491","https://www.tokopedia.com/rivertone-musik","4","1","4","9","1729779166398482059","1729631521861699211","https://www.tokopedia.com/rivertone-musik/alat-musik-elektrik-gitar-elektrik-difergio-model-prs-green-prs-blue-prs-red-gibson-sg-red-gibson-sg-white-gibson-les-paul-sunbrush-kayu-solid-1729779166398482059"
"2","Kab. Sukoharjo",,"film-musik/gitar-bass/gitar-elektrik","57","Film & Musik",,"100315133718","19 terjual","double_date_4","Hemat s.d 1% Pakai Bonus","Rp1.270.000","Hemat s.d 1% Pakai Bonus","Bisa COD",,,"https://p16-images-sign-sg.tokopedia-static.net/tos-alisg-i-aphluv4xwc-sg/e2258d5210db4bce9c802d578d8213a9~tplv-aphluv4xwc-white-pad-v1:200:200.jpeg?lk3s=97278606&x-expires=1777354917&x-signature=mlyr%2Fy7u3fV2TLQVGZ3YXRjoP7c%3D&x-signature-webp=p%2ByJYEfiGlzePCbySeEA9Hyigqo%3D","https://p16-images-sign-sg.tokopedia-static.net/tos-alisg-i-aphluv4xwc-sg/e2258d5210db4bce9c802d578d8213a9~tplv-aphluv4xwc-white-pad-v1:300:300.jpeg?lk3s=97278606&x-expires=1777354917&x-signature=QXm90uZHaw2uv1%2BCUpuJPX7sNrg%3D&x-signature-webp=9VfDU74WD8%2BJNjhvWFeoJRkYF%2Bo%3D",,,,,,"18751846","Gitar Listrik Ibanez Rock UpDown Full Solid Javanese Wood - Kayu",,"1270000",,,"Rp1.270.000","4.9","Kab. Sukoharjo","7494527090492410000","OVERHEAD GTR","1","7494527090492410064","https://www.tokopedia.com/overhead-gtr","1","1","1","19","1729799890722260176","1729799867247396048","https://www.tokopedia.com/overhead-gtr/gitar-listrik-ibanez-rock-updown-full-solid-javanese-wood-kayu-1729799867247396048"
"2","Kab. Sukoharjo",,"film-musik/gitar-bass/gitar-elektrik","57","Film & Musik",,"102185777270","15 terjual","double_date_4","Beli Lokal","Hemat s.d 1% Pakai Bonus","13%","Rp1.301.000","Hemat s.d 1% Pakai Bonus","+Hadiah Gratis","https://p19-images-sign-sg.tokopedia-static.net/tos-alisg-i-aphluv4xwc-sg/33500f391c3d4114bef1a80c602455f4~tplv-aphluv4xwc-white-pad-v1:200:200.jpeg?lk3s=97278606&x-expires=1777354917&x-signature=vWImijxX0WXZU6jKwEkJq5mbsBc%3D&x-signature-webp=K3NSThk1zE0qWQt2iG%2BPr1Wvj7I%3D","https://p16-images-sign-sg.tokopedia-static.net/tos-alisg-i-aphluv4xwc-sg/33500f391c3d4114bef1a80c602455f4~tplv-aphluv4xwc-white-pad-v1:300:300.jpeg?lk3s=97278606&x-expires=1777354917&x-signature=fXE5sSgHLFB%2FHpv5pPCNnYc0NGs%3D&x-signature-webp=eAWsyxU38XY1RwJE0yO5nc1xAQo%3D",,,,,"102185777263","10293556","Kowe Original Gitar Elektrik Alva Go Terbaru",,"1301000","Rp1.500.000",,"Rp1.301.000","5.0","Kab. Sukoharjo","10232065","Kowe Gitar Kita","1","7494735637826930794","https://www.tokopedia.com/myfamsguitar","20","1","20","15","1732361472907379818","1732361241229100138","https://www.tokopedia.com/myfamsguitar/kowe-original-gitar-elektrik-alva-go-terbaru-1732361472907379818"
"2","Kab. Sukoharjo",,"film-musik/gitar-bass/gitar-elektrik","57","Film & Musik",,"100144381158","19 terjual","double_date_4","Hemat s.d 1% Pakai Bonus","Rp900.000","Hemat s.d 1% Pakai Bonus",,,,"https://p16-images-common-sign-sg.tokopedia-static.net/tos-maliva-i-o3syd03w52-us/8313987e9318425b8c46e978df0a062d~tplv-o3syd03w52-resize-jpeg:200:200.jpeg?lk3s=97278606&x-expires=1777354917&x-signature=f0Sth0e6%2F8FutoyZitUYnDHEtX8%3D&x-signature-webp=C9VNpW6xPU0gt%2FUB%2Fy8cAVK%2FurQ%3D","https://p19-images-common-sign-sg.tokopedia-static.net/tos-maliva-i-o3syd03w52-us/8313987e9318425b8c46e978df0a062d~tplv-o3syd03w52-resize-jpeg:300:300.jpeg?lk3s=97278606&x-expires=1777354917&x-signature=gfQfS%2FNj58DEZgOJ0rK1sxmj620%3D&x-signature-webp=bRZyh6Fk7R5qaA1cW98tuI7UhFw%3D",,,,,"100144381157","18424832","gitar elektrik Gibson Les paul(BONUS PEKING KAYU)",,"900000",,,"Rp900.000","3.8","Kab. Sukoharjo","7494859142929878000","Toko Barokah Gitar","1","7494859142929877929","https://www.tokopedia.com/toko-barokah-gitar","998","1","998","19","1729912822845246377","1729912823143041961","https://www.tokopedia.com/toko-barokah-gitar/gitar-elektrik-gibson-les-paul-bonus-peking-kayu-1729912822845246377"
"3","Kab. Bekasi","https://p16-images-comn-sg.tokopedia-static.net/tos-alisg-i-zr7vqa5nfb-sg/img/goldmerchant/pm_activation/badge/Power%20Merchant%20Pro.png~tplv-zr7vqa5nfb-image.image","film-musik/gitar-bass/gitar-elektrik","57","Film & Musik",,"100532395938","7 terjual","double_date_4","Bisa COD","Rp1.700.000","Bisa COD",,,,"https://p16-images-sign-sg.tokopedia-static.net/tos-alisg-i-aphluv4xwc-sg/4298bbc059b84c0ebe8462aec10cb480~tplv-aphluv4xwc-white-pad-v1:200:200.jpeg?lk3s=97278606&x-expires=1777354917&x-signature=6rkPqczripkPUQOfwMIShzjQaN0%3D&x-signature-webp=4hBKDwcGXBfy1cTRZ5wiD3P6jro%3D","https://p16-images-sign-sg.tokopedia-static.net/tos-alisg-i-aphluv4xwc-sg/4298bbc059b84c0ebe8462aec10cb480~tplv-aphluv4xwc-white-pad-v1:300:300.jpeg?lk3s=97278606&x-expires=1777354917&x-signature=BOtHu49RAeDiW0bUb%2B315ZcQhxg%3D&x-signature-webp=YlUfU9sDwd9%2B4KboR%2Bq5RWkkct8%3D",,,,,"644720061","1290601","Gitar elektrik jackson dinky PU GNB korea new",,"1700000",,,"Rp1.700.000","5.0","Kab. Bekasi","1126549","ALshopbekasi","3","7494871045377460738","https://www.tokopedia.com/alshopjakarta","10","1","10","7","1729593989870750210","1729593989870684674","https://www.tokopedia.com/alshopjakarta/gitar-elektrik-jackson-dinky-pu-gnb-korea-new-1729593989870750210"
"4","Jakarta Utara","https://p16-images-comn-sg.tokopedia-static.net/tos-alisg-i-zr7vqa5nfb-sg/img/official_store/badge_os.png~tplv-zr7vqa5nfb-image.image","film-musik/gitar-bass/gitar-elektrik","57","Film & Musik",,"15568232701","100+ terjual","double_date_4","Hemat s.d 1% Pakai Bonus","Rp1.395.900","Hemat s.d 1% Pakai Bonus",,,,"https://p16-images-sign-sg.tokopedia-static.net/tos-alisg-i-aphluv4xwc-sg/b27c6fb2660f41d1ba830cb1a9bb64d6~tplv-aphluv4xwc-white-pad-v1:200:200.jpeg?lk3s=97278606&x-expires=1777354917&x-signature=cYZuawI5hjQGYivedzzbeGUuBVE%3D&x-signature-webp=mbVMqiN7TdkGNGxYyvpgVtDvL6Q%3D","https://p19-images-sign-sg.tokopedia-static.net/tos-alisg-i-aphluv4xwc-sg/b27c6fb2660f41d1ba830cb1a9bb64d6~tplv-aphluv4xwc-white-pad-v1:300:300.jpeg?lk3s=97278606&x-expires=1777354917&x-signature=GOfai2%2BaAymOyjRamuz9aXC0ENQ%3D&x-signature-webp=%2BXUI36HM%2FUV%2FQfCOf1hb%2F4OWR0Y%3D",,,,,"5473170966","3936857","Gitar Elektrik Scorpion SS120 Varian Warna Original",,"1395900","Rp1.410.000",,"Rp1.395.900","5.0","Jakarta Utara","329773","Salomo Musik","2","7494083464627980165","https://www.tokopedia.com/salomomusik","1","1","1","180","1731366716985476997","1729575486759340933","https://www.tokopedia.com/salomomusik/gitar-elektrik-scorpion-ss120-varian-warna-original-1731366716985476997"
"4","Jakarta Barat","https://p16-images-comn-sg.tokopedia-static.net/tos-alisg-i-zr7vqa5nfb-sg/img/official_store/badge_os.png~tplv-zr7vqa5nfb-image.image","film-musik/gitar-bass/gitar-elektrik","57","Film & Musik",,"100630863557","24 terjual","double_date_4","Hemat s.d 1% Pakai Bonus","25%","Rp2.709.504","Hemat s.d 1% Pakai Bonus",,,"https://p16-images-sign-sg.tokopedia-static.net/tos-alisg-i-aphluv4xwc-sg/90deddc6267b4dd085d3774dd6f4f7b8~tplv-aphluv4xwc-white-pad-v1:200:200.jpeg?lk3s=97278606&x-expires=1777354917&x-signature=%2F2JxaKPcBZPRj4yIaF5bJLvo3m4%3D&x-signature-webp=gwD%2Faz3SIGjSSLlHDwexh50j2FE%3D","https://p16-images-sign-sg.tokopedia-static.net/tos-alisg-i-aphluv4xwc-sg/90deddc6267b4dd085d3774dd6f4f7b8~tplv-aphluv4xwc-white-pad-v1:300:300.jpeg?lk3s=97278606&x-expires=1777354917&x-signature=BavekmGhVY9gk%2FhPSGMhrxw7b1E%3D&x-signature-webp=tGBOfd522jiXe%2Fqvwn8RXgYtD64%3D",,,,,,"16374488","Donner DST-152W Gitar Elektrik with Bag - White EC6743",,"2709504","Rp3.600.000",,"Rp2.709.504","4.3","Jakarta Barat","16547891","Donner Official Store","2","7495313222517492495","https://www.tokopedia.com/donner-official-store","13","1","13","24","1731720959113529103","1731721021168125711","https://www.tokopedia.com/donner-official-store/donner-dst-152w-gitar-elektrik-with-bag-white-ec6743-1731721021168125711"
"2","Kab. Sukoharjo",,"film-musik/gitar-bass/gitar-elektrik","57","Film & Musik",,"100315479658","29 terjual","double_date_4","Hemat s.d 1% Pakai Bonus","Rp1.290.000","Hemat s.d 1% Pakai Bonus",,,,"https://p19-images-common-sign-sg.tokopedia-static.net/tos-maliva-i-o3syd03w52-us/7956c027266a479b8f1f14c553b9f388~tplv-o3syd03w52-resize-jpeg:200:200.jpeg?lk3s=97278606&x-expires=1777354917&x-signature=5k1IBZQ7IsZjvilmef1%2FC2Gb53A%3D&x-signature-webp=ekLZB93P8NYpiJ8gIDEc1OJZSzw%3D","https://p16-images-common-sign-sg.tokopedia-static.net/tos-maliva-i-o3syd03w52-us/7956c027266a479b8f1f14c553b9f388~tplv-o3syd03w52-resize-jpeg:300:300.jpeg?lk3s=97278606&x-expires=1777354917&x-signature=fGZYv3qai2nM6jGYzRUvnEuvNxU%3D&x-signature-webp=WK6Q2cioU2i%2FdEUClgnLkk75i4U%3D",,,,,,"18751846","GITAR ELEKTRIK IBANEZ premium updown",,"1290000",,,"Rp1.290.000","5.0","Kab. Sukoharjo","7494527090492410000","OVERHEAD GTR","1","7494527090492410064","https://www.tokopedia.com/overhead-gtr","26","1","26","29","1729617803548723408","1729617803548657872","https://www.tokopedia.com/overhead-gtr/gitar-elektrik-ibanez-premium-updown-1729617803548657872"
"4","Tangerang Selatan","https://p16-images-comn-sg.tokopedia-static.net/tos-alisg-i-zr7vqa5nfb-sg/img/official_store/badge_os.png~tplv-zr7vqa5nfb-image.image","film-musik/gitar-bass/gitar-elektrik","57","Film & Musik",,"100260109409","4 terjual","double_date_4","Hemat s.d 1% Pakai Bonus","Rp2.799.000","Hemat s.d 1% Pakai Bonus",,,,"https://p19-images-sign-sg.tokopedia-static.net/tos-alisg-i-aphluv4xwc-sg/0ab3268fc7b645c5a59982dd34abe6a7~tplv-aphluv4xwc-white-pad-v1:200:200.jpeg?lk3s=97278606&x-expires=1777354917&x-signature=vRXRpXabXB5NAfbm4K6OASw%2F39E%3D&x-signature-webp=znlUBEDEWbIiOXo8RyUB1V5jFVo%3D","https://p16-images-sign-sg.tokopedia-static.net/tos-alisg-i-aphluv4xwc-sg/0ab3268fc7b645c5a59982dd34abe6a7~tplv-aphluv4xwc-white-pad-v1:300:300.jpeg?lk3s=97278606&x-expires=1777354917&x-signature=XrmBMY2un%2F09yn%2Bfv8gyDZXAt9A%3D&x-signature-webp=8HnMktoFC2%2BA%2BxTr1jQzgovmGnw%3D",,,,,"100260109243","392879","Cort X100 Electric Guitar HH - Gitar Elektrik",,"2799000",,,"Rp2.799.000","5.0","Tangerang Selatan","687425","GH Music Store","2","7495072652291312334","https://www.tokopedia.com/ghmusicgraharaya","6","1","6","4","1731087208926381774","1731087010592491214","https://www.tokopedia.com/ghmusicgraharaya/cort-x100-electric-guitar-hh-gitar-elektrik-1731087208926381774"
"3","Malang","https://p16-images-comn-sg.tokopedia-static.net/tos-alisg-i-zr7vqa5nfb-sg/img/goldmerchant/pm_activation/badge/Power%20Merchant%20Pro.png~tplv-zr7vqa5nfb-image.image","film-musik/gitar-bass/gitar-elektrik","57","Film & Musik",,"103299834904","1 terjual","double_date_4","Hemat s.d 1% Pakai Bonus","Rp1.349.000","Hemat s.d 1% Pakai Bonus","Bisa COD",,,"https://p16-images-common-sign-sg.tokopedia-static.net/tos-maliva-i-o3syd03w52-us/1eb3e3e05f854f0291385271843222ee~tplv-o3syd03w52-resize-jpeg:200:200.jpeg?lk3s=97278606&x-expires=1777354917&x-signature=tTdPyMszf2osGeFZqkm9MznHndI%3D&x-signature-webp=aDRXCmj5VoOP8R8%2B9AE1t1MXDWU%3D","https://p16-images-common-sign-sg.tokopedia-static.net/tos-maliva-i-o3syd03w52-us/1eb3e3e05f854f0291385271843222ee~tplv-o3syd03w52-resize-jpeg:300:300.jpeg?lk3s=97278606&x-expires=1777354917&x-signature=9IryAkePCDyFYWAv9aofbkO1nx8%3D&x-signature-webp=beSShTF%2F8cc3kw87v0jPV9%2F6MxA%3D",,,,,"103299834903","6741779","GITAR ELEKTRIK REPLIKA FDR BODY UTUH",,"1349000",,,"Rp1.349.000",,"Malang","6532589","Malang Gitar Shop","3","7494495924832340073","https://www.tokopedia.com/malanggitarshop","1","1","1","1","1729657057942407273","1729657057558956137","https://www.tokopedia.com/malanggitarshop/gitar-elektrik-replika-fdr-body-utuh-1729657057942407273"
"2","Kab. Sukoharjo",,"film-musik/gitar-bass/senar-gitar","57","Film & Musik",,"100315165723","5 terjual","double_date_4","Hemat s.d 1% Pakai Bonus","Rp1.190.000","Hemat s.d 1% Pakai Bonus","Bisa COD",,,"https://p19-images-sign-sg.tokopedia-static.net/tos-alisg-i-aphluv4xwc-sg/205b17063b10438ab0285854453ec151~tplv-aphluv4xwc-white-pad-v1:200:200.jpeg?lk3s=97278606&x-expires=1777354917&x-signature=OVfLTOpziwmjaRz6YharpAYz4pQ%3D&x-signature-webp=WcYT06Ugk1VMpj78zG48wO9hyps%3D","https://p16-images-sign-sg.tokopedia-static.net/tos-alisg-i-aphluv4xwc-sg/205b17063b10438ab0285854453ec151~tplv-aphluv4xwc-white-pad-v1:300:300.jpeg?lk3s=97278606&x-expires=1777354917&x-signature=lGf4JJ4DvlJ2%2BPr9xOpN3BocxJE%3D&x-signature-webp=ByQkboBCthT8YC8fpqxk0IsmacI%3D",,,,,,"18751846","Gitar Elektrik Gibson SG - Model Terbaru",,"1190000",,,"Rp1.190.000","3.5","Kab. Sukoharjo","7494527090492410000","OVERHEAD GTR","1","7494527090492410064","https://www.tokopedia.com/overhead-gtr","16","1","16","5","1729780743007732944","1729780734748099792","https://www.tokopedia.com/overhead-gtr/gitar-elektrik-gibson-sg-model-terbaru-1729780734748099792"
"3","Kab. Bekasi","https://p16-images-comn-sg.tokopedia-static.net/tos-alisg-i-zr7vqa5nfb-sg/img/goldmerchant/pm_activation/badge/Power%20Merchant%20Pro.png~tplv-zr7vqa5nfb-image.image","film-musik/gitar-bass/kabel-jack-gitar-bass","57","Film & Musik",,"2025973213","13 terjual","double_date_4","Rp2.500.000",,,,,,"https://p16-images-sign-sg.tokopedia-static.net/tos-alisg-i-aphluv4xwc-sg/img/VqbcmM/2021/7/26/8bf837e1-ddb3-4266-ac12-38df863954a2.jpg~tplv-aphluv4xwc-white-pad-v1:200:200.jpeg?lk3s=97278606&x-expires=1777354917&x-signature=%2F88q7QYyUXmJc7kYsFbiXuSlJik%3D&x-signature-webp=gFlLa8kZHWlm6m6Ixci425f5au4%3D","https://p16-images-sign-sg.tokopedia-static.net/tos-alisg-i-aphluv4xwc-sg/img/VqbcmM/2021/7/26/8bf837e1-ddb3-4266-ac12-38df863954a2.jpg~tplv-aphluv4xwc-white-pad-v1:300:300.jpeg?lk3s=97278606&x-expires=1777354917&x-signature=ReSbDl1t2YlBhtLq7xP%2FXmfGv5A%3D&x-signature-webp=bUizWhfLcBOKlxexGgmJy8nW%2BsY%3D",,,,,,"1290601","Gitar ibanez jem flower white plus ampli dan kabel jack,tas dan senar",,"2500000",,,"Rp2.500.000","5.0","Kab. Bekasi","1126549","ALshopbekasi","3","7494871045377460738","https://www.tokopedia.com/alshopjakarta","9","1","9","13","1731489531819820546","1731489531819755010","https://www.tokopedia.com/alshopjakarta/gitar-ibanez-jem-flower-white-plus-ampli-dan-kabel-jack-tas-dan-senar"
"2","Kab. Bogor",,"film-musik/gitar-bass/gitar-elektrik","57","Film & Musik",,"45509614","13 terjual","double_date_4","Hemat s.d 1% Pakai Bonus","Rp400.000","Hemat s.d 1% Pakai Bonus",,,,"https://p16-images-sign-sg.tokopedia-static.net/tos-alisg-i-aphluv4xwc-sg/img/VqbcmM/2020/12/27/b9bbd4a9-68c6-45b3-94b0-5d873d0d495a.jpg~tplv-aphluv4xwc-white-pad-v1:200:200.jpeg?lk3s=97278606&x-expires=1777354917&x-signature=UnwBteEK1K0aPyQdGSlpkE0EfWs%3D&x-signature-webp=lHnLcTDNtY4vilgFQTyBQWyzIKs%3D","https://p19-images-sign-sg.tokopedia-static.net/tos-alisg-i-aphluv4xwc-sg/img/VqbcmM/2020/12/27/b9bbd4a9-68c6-45b3-94b0-5d873d0d495a.jpg~tplv-aphluv4xwc-white-pad-v1:300:300.jpeg?lk3s=97278606&x-expires=1777354917&x-signature=ozWPqmXWgF8tK8noQu9jZtBj6gM%3D&x-signature-webp=Zuwarg32tlA80jzfHSWI%2BMS5rAE%3D",,,,,,"301520","Gitar Listrik Fender Spesial",,"400000",,,"Rp400.000","4.4","Kab. Bogor","239061","NS Music_NEW","1","7495809668247423768","https://www.tokopedia.com/nifiviashop","99999","1","99999","13","1729811772134360856","1729811772134295320","https://www.tokopedia.com/nifiviashop/gitar-listrik-fender-spesial"
"4","Jakarta Utara","https://p16-images-comn-sg.tokopedia-static.net/tos-alisg-i-zr7vqa5nfb-sg/img/official_store/badge_os.png~tplv-zr7vqa5nfb-image.image","film-musik/gitar-bass/gitar-elektrik","57","Film & Musik",,"15033096312","100+ terjual","double_date_4","Hemat s.d 1% Pakai Bonus","Rp2.004.750","Hemat s.d 1% Pakai Bonus",,,,"https://p16-images-sign-sg.tokopedia-static.net/tos-alisg-i-aphluv4xwc-sg/9b03e901a7c74117b8fa1b77d08533aa~tplv-aphluv4xwc-white-pad-v1:200:200.jpeg?lk3s=97278606&x-expires=1777354917&x-signature=1P%2Bxf4dRUhksNaLEJC3z5oJlUUY%3D&x-signature-webp=ed19N7IqOQXwp6D%2FdVNne7V9Qd0%3D","https://p16-images-sign-sg.tokopedia-static.net/tos-alisg-i-aphluv4xwc-sg/9b03e901a7c74117b8fa1b77d08533aa~tplv-aphluv4xwc-white-pad-v1:300:300.jpeg?lk3s=97278606&x-expires=1777354917&x-signature=x9FQrTTd38ZkhoaFw4mxON9HDzo%3D&x-signature-webp=em6bsELqGYa2YZzhW2%2FXXGVipsA%3D","https://vod-stream.tokopedia.net/view/ttvideo?source=QeEaKL&ttvid=v10c21g50000cuiorgnog65hf2atbocg",,,,"11661726468","3936857","Gitar Elektrik Legacy EG102 HSS Varian Warna Original",,"2004750","Rp2.025.000",,"Rp2.004.750","4.8","Jakarta Utara","329773","Salomo Musik","2","7494083464627980165","https://www.tokopedia.com/salomomusik","6","1","6","128","1729860791436807045","1729860776548666245","https://www.tokopedia.com/salomomusik/gitar-elektrik-legacy-stratocaster-hss-eg102-original-varian-warna-owh-0adfd"
"2","Kab. Sukoharjo",,"film-musik/gitar-bass/gitar-elektrik","57","Film & Musik",,"100493017387","500+ terjual","double_date_4","Beli Lokal","Hemat s.d 1% Pakai Bonus","20%","Rp1.125.000","Hemat s.d 1% Pakai Bonus","+Hadiah Gratis","https://p19-images-sign-sg.tokopedia-static.net/tos-alisg-i-aphluv4xwc-sg/b5d1e5ff7d764773ae54fd0521ac1dfc~tplv-aphluv4xwc-white-pad-v1:200:200.jpeg?lk3s=97278606&x-expires=1777354917&x-signature=UBcFRPesthwwmPWMz%2BtbihMiUvs%3D&x-signature-webp=JxQT9L43AuWzOyLStUEKBIaEWgQ%3D","https://p19-images-sign-sg.tokopedia-static.net/tos-alisg-i-aphluv4xwc-sg/b5d1e5ff7d764773ae54fd0521ac1dfc~tplv-aphluv4xwc-white-pad-v1:300:300.jpeg?lk3s=97278606&x-expires=1777354917&x-signature=rOEBm7brgM5REEhvdtuJ2iYOXdY%3D&x-signature-webp=yx01uRJn%2BlHG05k8fibuHNQLu8Y%3D",,,,,"5067215220","409440","Original Gitar Elektrik atau Gitar Listrik KOWE Model Stronger SSS Bonus Komplit Harga Terjangkau",,"1125000","Rp1.400.000",,"Rp1.125.000","4.8","Kab. Sukoharjo","764634","Mym Music Store","1","7494506303776065652","https://www.tokopedia.com/mymmusicstore1","10","1","10","728","1731455559901938804","1729424146951604340","https://www.tokopedia.com/mymmusicstore1/original-gitar-elektrik-atau-gitar-listrik-kowe-model-stronger-sss-bonus-komplit-harga-terjangkau-1731455559901938804"
"2","Kab. Sukoharjo",,"film-musik/gitar-bass/gitar-elektrik","57","Film & Musik",,"100334603741","1 terjual","double_date_4","Hemat s.d 1% Pakai Bonus","Rp1.550.000","Hemat s.d 1% Pakai Bonus","Bisa COD",,,"https://p16-images-sign-sg.tokopedia-static.net/tos-alisg-i-aphluv4xwc-sg/a558cb4778b24a57b234b08003e537ac~tplv-aphluv4xwc-white-pad-v1:200:200.jpeg?lk3s=97278606&x-expires=1777354917&x-signature=0ws5PvBdxXICAZyCXkHPHTjRAqs%3D&x-signature-webp=qi8OGeRPEy1Crpeyxddu4d7KDMA%3D","https://p16-images-sign-sg.tokopedia-static.net/tos-alisg-i-aphluv4xwc-sg/a558cb4778b24a57b234b08003e537ac~tplv-aphluv4xwc-white-pad-v1:300:300.jpeg?lk3s=97278606&x-expires=1777354917&x-signature=Eg0bFGwvO3OeSieF9JYrAr1h20w%3D&x-signature-webp=A9HkMcMgA%2FqhADTq5lfmOEc83F8%3D",,,,,"100334603740","18772955","GITAR ELEKTRIK DIFERGIO SEMI UPDOWN VARIAN ARMY MODEL IBANEZ DAN AMPLIFIER Alat musik modern",,"1550000",,,"Rp1.550.000",,"Kab. Sukoharjo","7495756797916581000","Rivertone Musik","1","7495756797916580491","https://www.tokopedia.com/rivertone-musik","20","1","20","1","1729663044675667595","1729658051072525963","https://www.tokopedia.com/rivertone-musik/gitar-elektrik-difergio-semi-updown-varian-army-model-ibanez-dan-amplifier-alat-musik-modern-1729663044675667595"
"2","Semarang",,"film-musik/gitar-bass/gitar-elektrik","57","Film & Musik",,"100729842788","100+ terjual","double_date_4","Beli Lokal","Hemat s.d 1% Pakai Bonus","60%","Rp1.504.899","Hemat s.d 1% Pakai Bonus","Bisa COD","https://p16-images-common-sign-sg.tokopedia-static.net/tos-maliva-i-o3syd03w52-us/1e51ffa8d4bb4ff2a93e6f49bf7d3173~tplv-o3syd03w52-resize-jpeg:200:200.jpeg?lk3s=97278606&x-expires=1777354917&x-signature=wVbkImES%2Bb8Z7wSofs0Vo8Y7F7w%3D&x-signature-webp=MlfqwVI3AeLEgKWyKluVFeX5%2FIg%3D","https://p16-images-common-sign-sg.tokopedia-static.net/tos-maliva-i-o3syd03w52-us/1e51ffa8d4bb4ff2a93e6f49bf7d3173~tplv-o3syd03w52-resize-jpeg:300:300.jpeg?lk3s=97278606&x-expires=1777354917&x-signature=mpIsSfUgJ%2BY4hnRcmY2gWKU%2Bk9w%3D&x-signature-webp=lpHyAudNwJxBInhvzHW0ME6a1GA%3D",,,,,"100291148315","2005086","Gitar Elektrik Les Paul Gitar Listrik Les Paul (TT)",,"1504899","Rp3.750.000",,"Rp1.504.899","4.6","Semarang","2480948","Gallery Music Semarang","1","7494812570411370798","https://www.tokopedia.com/gallerymusicsemarang","9991","1","9991","109","1731880730359334190","1729575017331460398","https://www.tokopedia.com/gallerymusicsemarang/gitar-elektrik-les-paul-gitar-listrik-les-paul-tt-1731880730359334190"
"2","Kab. Sukoharjo",,"film-musik/gitar-bass/gitar-elektrik","57","Film & Musik",,"100315127197","7 terjual","double_date_4","Hemat s.d 1% Pakai Bonus","Rp1.290.000","Hemat s.d 1% Pakai Bonus","Bisa COD",,,"https://p16-images-common-sign-sg.tokopedia-static.net/tos-maliva-i-o3syd03w52-us/23c5a86cf0174ec382449f0a4eec7307~tplv-o3syd03w52-resize-jpeg:200:200.jpeg?lk3s=97278606&x-expires=1777354917&x-signature=RFPr4k1mXImTkpLRdWILFdjjfxY%3D&x-signature-webp=FeUDbEF9RzK4iWTEqK2ZqgNfj50%3D","https://p16-images-common-sign-sg.tokopedia-static.net/tos-maliva-i-o3syd03w52-us/23c5a86cf0174ec382449f0a4eec7307~tplv-o3syd03w52-resize-jpeg:300:300.jpeg?lk3s=97278606&x-expires=1777354917&x-signature=DAhsqJv9RqWohtLx4rPZ8Oarc0Q%3D&x-signature-webp=Yngo6OmkP9fdFvKrWj%2B6nbXCuTo%3D",,,,,,"18751846","Gitar Elektrik Gibson LesSaul SunBrush Model Difergio Original",,"1290000",,,"Rp1.290.000","1.0","Kab. Sukoharjo","7494527090492410000","OVERHEAD GTR","1","7494527090492410064","https://www.tokopedia.com/overhead-gtr","4","1","4","7","1729614914349926608","1729614914349861072","https://www.tokopedia.com/overhead-gtr/gitar-elektrik-gibson-lessaul-sunbrush-model-difergio-original-1729614914349861072"
"2","Kab. Sukoharjo",,"film-musik/gitar-bass/gitar-elektrik","57","Film & Musik",,"100315085132","1 terjual","double_date_4","Hemat s.d 1% Pakai Bonus","Rp999.000","Hemat s.d 1% Pakai Bonus","Bisa COD",,,"https://p19-images-sign-sg.tokopedia-static.net/tos-alisg-i-aphluv4xwc-sg/f5fdffbbbb834f3b83d5d6bdf032ce25~tplv-aphluv4xwc-white-pad-v1:200:200.jpeg?lk3s=97278606&x-expires=1777354917&x-signature=MLYP9H71W2r%2FiuDWjX4AMmA3CYM%3D&x-signature-webp=VTP3%2B2SXJIXCWFaUvOTPs1Hh1Qk%3D","https://p19-images-sign-sg.tokopedia-static.net/tos-alisg-i-aphluv4xwc-sg/f5fdffbbbb834f3b83d5d6bdf032ce25~tplv-aphluv4xwc-white-pad-v1:300:300.jpeg?lk3s=97278606&x-expires=1777354917&x-signature=nIKJcRWkiBIshGqmZDF2WhxXpcs%3D&x-signature-webp=p3MvVMzDH4OfyDFdAUm4aF7WEJk%3D",,,,,,"18751846","GITAR ELEKTRIK TELECASTER MER DIFERGIO NECK MAPLE BODI FULL SOLID HIJAU KERATON MODEL EROS CHANDRA",,"999000",,,"Rp999.000",,"Kab. Sukoharjo","7494527090492410000","OVERHEAD GTR","1","7494527090492410064","https://www.tokopedia.com/overhead-gtr","11","1","11","1","1730913229345096912","1730913227077682384","https://www.tokopedia.com/overhead-gtr/gitar-elektrik-telecaster-mer-difergio-neck-maple-bodi-full-solid-hijau-keraton-model-eros-chandra-1730913227077682384"
"2","Semarang",,"film-musik/gitar-bass/gitar-elektrik","57","Film & Musik",,"100729641238","100+ terjual","double_date_4","Beli Lokal","Hemat s.d 1% Pakai Bonus","60%","Rp1.504.900","Hemat s.d 1% Pakai Bonus","Bisa COD","https://p16-images-sign-sg.tokopedia-static.net/tos-alisg-i-aphluv4xwc-sg/88ac1e4a1c5642be8f5d73ca1732e3df~tplv-aphluv4xwc-white-pad-v1:200:200.jpeg?lk3s=97278606&x-expires=1777354917&x-signature=d0VOGnbNmujDFLCqAWEW8AT6fCU%3D&x-signature-webp=HlAjtoqGv2agXVXzGXUHrqdCewA%3D","https://p16-images-sign-sg.tokopedia-static.net/tos-alisg-i-aphluv4xwc-sg/88ac1e4a1c5642be8f5d73ca1732e3df~tplv-aphluv4xwc-white-pad-v1:300:300.jpeg?lk3s=97278606&x-expires=1777354917&x-signature=ULP4G99m4QWxQnYW%2FVe7gMEGyhs%3D&x-signature-webp=pMeQCNGq5HqcDsO69H%2FXlqA6sAw%3D",,,,,"2084579336","2005086","Gitar Elektrik Les Paul Gitar Listrik Les Paul (TP)",,"1504900","Rp3.750.000",,"Rp1.504.900","4.9","Semarang","2480948","Gallery Music Semarang","1","7494812570411370798","https://www.tokopedia.com/gallerymusicsemarang","9998","1","9998","200","1731880631399908654","1731249640070415662","https://www.tokopedia.com/gallerymusicsemarang/gitar-elektrik-les-paul-gitar-listrik-les-paul-tp-1731880631399908654"
"4","Jakarta Pusat","https://p16-images-comn-sg.tokopedia-static.net/tos-alisg-i-zr7vqa5nfb-sg/img/official_store/badge_os.png~tplv-zr7vqa5nfb-image.image","film-musik/gitar-bass/gitar-elektrik","57","Film & Musik",,"102697577840","29 terjual","double_date_4","Rp1.879.999",,,,,,"https://p16-images-sign-sg.tokopedia-static.net/tos-alisg-i-aphluv4xwc-sg/f9267b762b0242aa8a65c915aae4d073~tplv-aphluv4xwc-white-pad-v1:200:200.jpeg?lk3s=97278606&x-expires=1777354917&x-signature=ttKt%2FRs11Kn%2FWHX%2BBBwucOFYzyo%3D&x-signature-webp=FBcs9Ma39Y0IgS0s%2BDJMdDEVT6Q%3D","https://p16-images-sign-sg.tokopedia-static.net/tos-alisg-i-aphluv4xwc-sg/f9267b762b0242aa8a65c915aae4d073~tplv-aphluv4xwc-white-pad-v1:300:300.jpeg?lk3s=97278606&x-expires=1777354917&x-signature=Y1qAIpA%2BMt4U%2FIZSglvwS%2B3jpg4%3D&x-signature-webp=d2inPIe2Vhiw387V0EBLoHtpchE%3D",,,,,"102697577839","9494866","DONNER DST80 DST-80 DST 80 CLASSIC SSS STRATOCASTER ELECTRIC GUITAR BMJ",,"1879999","Rp2.000.000",,"Rp1.879.999","4.8","Jakarta Pusat","9369760","Bandar Musik Jakarta BMJ","2","7495817081578162946","https://www.tokopedia.com/bandarmusikjakarta","22","1","22","29","1733619011344434946","1733618556633843458","https://www.tokopedia.com/bandarmusikjakarta/donner-dst80-dst-80-dst-80-classic-sss-stratocaster-electric-guitar-bmj-1733619011344434946"
"2","Kab. Gresik",,"film-musik/gitar-bass/gitar-elektrik","57","Film & Musik",,"102396470144","2 terjual","double_date_4","Rp950.000",,,,,,"https://p16-images-sign-sg.tokopedia-static.net/tos-alisg-i-aphluv4xwc-sg/dd9653cbb8a949d191bd8ce9e083dc9f~tplv-aphluv4xwc-white-pad-v1:200:200.jpeg?lk3s=97278606&x-expires=1777354917&x-signature=pgFq0truwvy8M4CHKjSU7EKEp0Q%3D&x-signature-webp=tCqcceELGd%2Ff8xGOHL4Yfam4ys0%3D","https://p16-images-sign-sg.tokopedia-static.net/tos-alisg-i-aphluv4xwc-sg/dd9653cbb8a949d191bd8ce9e083dc9f~tplv-aphluv4xwc-white-pad-v1:300:300.jpeg?lk3s=97278606&x-expires=1777354917&x-signature=H8COvTZjQJgb3ZFHCO4%2FJeOyp0s%3D&x-signature-webp=QqVXs2oLiG12XIdxNje1SfqBiKU%3D",,,,,,"2891138","Gitar Elektrik Evh Wolfgang Musicman Peavey",,"950000",,,"Rp950.000",,"Kab. Gresik","3805902","Gitar dan Bass Surabaya","1","7495812184036771948","https://www.tokopedia.com/archive-gitardanbasssby","1","1","1","2","1732809719810983020","1732809717907162220","https://www.tokopedia.com/archive-gitardanbasssby/gitar-elektrik-evh-wolfgang-musicman-peavey-1732809717907162220"
"2","Kab. Sleman",,"film-musik/gitar-bass/gitar-elektrik","57","Film & Musik",,"100325953217","10 terjual","double_date_4","Hemat s.d 1% Pakai Bonus","Rp1.099.500","Hemat s.d 1% Pakai Bonus",,,,"https://p16-images-common-sign-sg.tokopedia-static.net/tos-maliva-i-o3syd03w52-us/5b4612635eb84546b2355ec23aafda87~tplv-o3syd03w52-resize-jpeg:200:200.jpeg?lk3s=97278606&x-expires=1777354917&x-signature=1RPBikIs7zexACQ%2FRP1xP%2B9DgLk%3D&x-signature-webp=Ic9POEGAUIP5%2FFZjVjbI60muFkw%3D","https://p16-images-common-sign-sg.tokopedia-static.net/tos-maliva-i-o3syd03w52-us/5b4612635eb84546b2355ec23aafda87~tplv-o3syd03w52-resize-jpeg:300:300.jpeg?lk3s=97278606&x-expires=1777354917&x-signature=3U0R0WIyX5fOF9d8bzaEJhYUJPI%3D&x-signature-webp=VPyitDjFOWEY29jg%2Fw4icXvvq8w%3D",,,,,"100325953216","18761636","Gitar Elektrik Difergio Original Volcano Semi Up Down Listrik Model Ibanez Warna Army FREE Packing Kayu gitar elektrik murah gitar listrik viral gitar elektrik pemula",,"1099500",,,"Rp1.099.500","2.5","Kab. Sleman","7494956723600854000","Rockindojogja","1","7494956723600853529","https://www.tokopedia.com/rockindojogja-712","3","1","3","10","1729729772402412057","1729593666332297753","https://www.tokopedia.com/rockindojogja-712/gitar-elektrik-difergio-original-volcano-semi-up-down-listrik-body-alder-neck-mapel-6-senar-model-ibanez-warna-army-free-packing-kayu-1729729772402412057"
"2","Bekasi",,"film-musik/gitar-bass/gitar-elektrik","57","Film & Musik",,"100374488664","3 terjual","double_date_4","Rp1.500.000",,,,,,"https://p16-images-sign-sg.tokopedia-static.net/tos-alisg-i-aphluv4xwc-sg/0a0c3fba37724ad18614395f13a04737~tplv-aphluv4xwc-white-pad-v1:200:200.jpeg?lk3s=97278606&x-expires=1777354917&x-signature=p70XEPut3hZ1kuXxYhEOFIih9gA%3D&x-signature-webp=3%2FwerHMbxpqCIJRi1YRCL3WwCrE%3D","https://p16-images-sign-sg.tokopedia-static.net/tos-alisg-i-aphluv4xwc-sg/0a0c3fba37724ad18614395f13a04737~tplv-aphluv4xwc-white-pad-v1:300:300.jpeg?lk3s=97278606&x-expires=1777354917&x-signature=wT6%2FCx8sd0B33exEOorCU6VOxA0%3D&x-signature-webp=mdhrBLII%2BFPwT9g%2BDVZ6csbXXFY%3D",,,,,"100374488662","18828236","GITAR ELEKTRIK JACKSON DINKY",,"1500000",,,"Rp1.500.000","5.0","Bekasi","7494917255315950000","Angelmusic_NEW","1","7494917255315949961","https://www.tokopedia.com/angelmusic","2","1","2","3","1729559264452183433","1729559264452052361","https://www.tokopedia.com/angelmusic/gitar-elektrik-jackson-dinky-1729559264452183433"
"2","Kab. Sukoharjo",,"film-musik/gitar-bass/amplifier-gitar-bass","57","Film & Musik",,"100743025089","2 terjual","double_date_4","Hemat s.d 1% Pakai Bonus","19%","Rp1.300.000","Hemat s.d 1% Pakai Bonus","+Hadiah Gratis",,"https://p16-images-sign-sg.tokopedia-static.net/tos-alisg-i-aphluv4xwc-sg/3cab9b3bd1374068857d38bf5f9f82d4~tplv-aphluv4xwc-white-pad-v1:200:200.jpeg?lk3s=97278606&x-expires=1777354917&x-signature=KR42JAcVA0Sc9cLso2yOfMT1POI%3D&x-signature-webp=xqMD3jr2dmlpnNI95nYdr7lGVto%3D","https://p16-images-sign-sg.tokopedia-static.net/tos-alisg-i-aphluv4xwc-sg/3cab9b3bd1374068857d38bf5f9f82d4~tplv-aphluv4xwc-white-pad-v1:300:300.jpeg?lk3s=97278606&x-expires=1777354917&x-signature=Jf%2FO49EwyqsISsNw9lOfcyFfIiA%3D&x-signature-webp=UKViF7rofHzhZh46R0tzbWgRcbA%3D",,,,,"100099760993","18385666","Gitar original merk KOWE Model Gibson SG Free Ampli Mini JOYO JA 02",,"1300000","Rp1.600.000",,"Rp1.300.000","5.0","Kab. Sukoharjo","7494653782019771000","MY Music store","1","7494653782019771278","https://www.tokopedia.com/my-music-store","12","1","12","2","1731901943123773326","1730895186964875150","https://www.tokopedia.com/my-music-store/gitar-original-merk-kowe-model-gibson-sg-free-ampli-mini-joyo-ja-02-1731901943123773326"
"2","Jakarta Utara",,"film-musik/gitar-bass/gitar-elektrik","57","Film & Musik",,"819651957","50+ terjual","double_date_4","Rp820.000",,,,,,"https://p16-images-sign-sg.tokopedia-static.net/tos-alisg-i-aphluv4xwc-sg/img/product-1/2020/5/2/1729342/1729342_6a50a43e-6ce7-4e56-9fd1-14568cb0af28_1024_1024.jpg~tplv-aphluv4xwc-white-pad-v1:200:200.jpeg?lk3s=97278606&x-expires=1777354917&x-signature=qaGxsoo574gEzPGIteqQI3kKWuQ%3D&x-signature-webp=kBCRgt%2BnEcbbtHSBMIN6NltiboQ%3D","https://p16-images-sign-sg.tokopedia-static.net/tos-alisg-i-aphluv4xwc-sg/img/product-1/2020/5/2/1729342/1729342_6a50a43e-6ce7-4e56-9fd1-14568cb0af28_1024_1024.jpg~tplv-aphluv4xwc-white-pad-v1:300:300.jpeg?lk3s=97278606&x-expires=1777354917&x-signature=YnEneGS6AXEkysazupn7MIAG3oI%3D&x-signature-webp=tyJxb%2FO%2BTkTlsBYKrZ4fslpxjRw%3D",,,,,,"1371035","TERLARIS Gitar Listrik Ibanez Jem Hitam Fullset Murah",,"820000",,,"Rp820.000","4.7","Jakarta Utara","1729342","Toko Gitar Akustik","1","7495535996084063147","https://www.tokopedia.com/asmusicstore","12","1","12","58","1731527379425396651","1731527379425331115","https://www.tokopedia.com/asmusicstore/terlaris-gitar-listrik-ibanez-jem-hitam-fullset-murah"
"2","Jakarta Barat",,"film-musik/gitar-bass/gitar-elektrik","57","Film & Musik",,"8642938938","2 terjual","double_date_4","Hemat s.d 1% Pakai Bonus","Rp2.000.000","Hemat s.d 1% Pakai Bonus",,,,"https://p16-images-sign-sg.tokopedia-static.net/tos-alisg-i-aphluv4xwc-sg/img/VqbcmM/2023/3/20/ed38e4ca-ba77-493e-a4b0-49158755b473.jpg~tplv-aphluv4xwc-white-pad-v1:200:200.jpeg?lk3s=97278606&x-expires=1777354917&x-signature=K4nmEdbMfDBcy%2BjABddJ1qy3bOo%3D&x-signature-webp=nDnnaJ3MxKbkS0yptrQfPuSZbvo%3D","https://p16-images-sign-sg.tokopedia-static.net/tos-alisg-i-aphluv4xwc-sg/img/VqbcmM/2023/3/20/ed38e4ca-ba77-493e-a4b0-49158755b473.jpg~tplv-aphluv4xwc-white-pad-v1:300:300.jpeg?lk3s=97278606&x-expires=1777354917&x-signature=bMckIaOLpgN0%2BdQPCmBudCnrdSU%3D&x-signature-webp=Ls5h4PUKqMIU3fMbGkwdAMTh%2BvM%3D",,,,,"8642938922","7330370","Gitar elektrik Gibson Lespaul Original",,"2000000",,,"Rp2.000.000",,"Jakarta Barat","7123130","toko gitar riki music","1","7495481849757338466","https://www.tokopedia.com/rikimusic","1","1","1","2","1732085545742010210","1732085561162696546","https://www.tokopedia.com/rikimusic/gitar-elektrik-gibson-lespaul-original-black-biasa-tidak-pack-kayu-58111"
"2","Kab. Sleman",,"film-musik/gitar-bass/gitar-elektrik","57","Film & Musik",,"100324855623","13 terjual","double_date_4","Hemat s.d 1% Pakai Bonus","Rp1.049.500","Hemat s.d 1% Pakai Bonus",,,,"https://p16-images-common-sign-sg.tokopedia-static.net/tos-maliva-i-o3syd03w52-us/2457423e6646447aa0ddc2f732d383f9~tplv-o3syd03w52-resize-jpeg:200:200.jpeg?lk3s=97278606&x-expires=1777354917&x-signature=sQIUBkzmxZTROClmx%2B2TCldCgWw%3D&x-signature-webp=AF6r2SKRefv90ZqsKVVSdKgBbf0%3D","https://p16-images-common-sign-sg.tokopedia-static.net/tos-maliva-i-o3syd03w52-us/2457423e6646447aa0ddc2f732d383f9~tplv-o3syd03w52-resize-jpeg:300:300.jpeg?lk3s=97278606&x-expires=1777354917&x-signature=y3%2By9c1yJiI3xj9H9unIYfx95nY%3D&x-signature-webp=zzhr6bSBGSFFyibxQWohIog1wQU%3D",,,,,"100324855622","18761636","Gitar Elektrik Difergio Original Listrik Model Stratocaster FREE Packing Kayu gitar elektrik murah gitar listrik viral gitar elektrik pemula",,"1049500",,,"Rp1.049.500","5.0","Kab. Sleman","7494956723600854000","Rockindojogja","1","7494956723600853529","https://www.tokopedia.com/rockindojogja-712","12","1","12","13","1729872814253443609","1729872758255815193","https://www.tokopedia.com/rockindojogja-712/gitar-elektrik-gitar-listrik-1729872814253443609"
"2","Jakarta Utara",,"film-musik/gitar-bass/amplifier-gitar-bass","57","Film & Musik",,"100620565747","8 terjual","double_date_4","Rp2.350.000",,,,,,"https://p16-images-sign-sg.tokopedia-static.net/tos-alisg-i-aphluv4xwc-sg/4e4f55a3864f49ab9aa9a6177eef9832~tplv-aphluv4xwc-white-pad-v1:200:200.jpeg?lk3s=97278606&x-expires=1777354917&x-signature=IP0f%2Ftgni8w8vzGzS%2Fwll4kUr4k%3D&x-signature-webp=AtrMUY1FK32Yxf9s1NEM3XnOoHc%3D","https://p16-images-sign-sg.tokopedia-static.net/tos-alisg-i-aphluv4xwc-sg/4e4f55a3864f49ab9aa9a6177eef9832~tplv-aphluv4xwc-white-pad-v1:300:300.jpeg?lk3s=97278606&x-expires=1777354917&x-signature=BUSRpxbk0eznZ9UjjZFa1KHf7ak%3D&x-signature-webp=6HLITQHBTd%2BqK5w%2F%2FbW%2F9IoLwuQ%3D",,,,,,"6689966","Donner DST-80 Sunbusrt - Gitar Electrik Donner DST 80 Sunburst free softcase+amplifier+strap+tuner+capo+string+pik",,"2350000",,,"Rp2.350.000","5.0","Jakarta Utara","6480596","Galeri Musik Jakarta MKG","1","7495815911948781679","https://www.tokopedia.com/galeri-musik-jakarta-mkg","1","1","1","8","1731704269579650159","1731704192789677167","https://www.tokopedia.com/galeri-musik-jakarta-mkg/donner-dst-80-sunbusrt-gitar-electrik-donner-dst-80-sunburst-free-softcase-amplifier-strap-tuner-capo-string-pik-1731704192789677167"
"2","Kab. Gresik",,"film-musik/gitar-bass/gitar-elektrik","57","Film & Musik",,"103018444305","double_date_4","Rp850.000",,,,,,,"https://p16-images-sign-sg.tokopedia-static.net/tos-alisg-i-aphluv4xwc-sg/885073709f85451ab6dff9f556bdff21~tplv-aphluv4xwc-white-pad-v1:200:200.jpeg?lk3s=97278606&x-expires=1777354917&x-signature=9csG7fnpIUKwd8MHjJ8z0fobvz0%3D&x-signature-webp=okGO2dggrAOtJYxCuMlhqV9Twqw%3D","https://p16-images-sign-sg.tokopedia-static.net/tos-alisg-i-aphluv4xwc-sg/885073709f85451ab6dff9f556bdff21~tplv-aphluv4xwc-white-pad-v1:300:300.jpeg?lk3s=97278606&x-expires=1777354917&x-signature=7e2UYwOgVrlT6GuwlwVFB7yuJkU%3D&x-signature-webp=UsZWzxrj3%2FwZ1Zk5Gj4VpK8mRcU%3D",,,,,,"2891138","Gitar Elektrik Mandalika Stratocaster Original Kowe Benston Samick",,"850000",,,"Rp850.000",,"Kab. Gresik","3805902","Gitar dan Bass Surabaya","1","7495812184036771948","https://www.tokopedia.com/archive-gitardanbasssby","1","1","1",,"1734371018724836460","1734370974548853868","https://www.tokopedia.com/archive-gitardanbasssby/gitar-elektrik-mandalika-stratocaster-original-kowe-benston-samick-1734370974548853868"
"4","Jakarta Utara","https://p16-images-comn-sg.tokopedia-static.net/tos-alisg-i-zr7vqa5nfb-sg/img/official_store/badge_os.png~tplv-zr7vqa5nfb-image.image","film-musik/gitar-bass/gitar-elektrik","57","Film & Musik",,"12494828387","19 terjual","double_date_4","Hemat s.d 1% Pakai Bonus","Rp3.408.899","Hemat s.d 1% Pakai Bonus",,,,"https://p16-images-sign-sg.tokopedia-static.net/tos-alisg-i-aphluv4xwc-sg/img/VqbcmM/2024/5/28/033b91aa-596c-4571-b4a3-3434babbe620.jpg~tplv-aphluv4xwc-white-pad-v1:200:200.jpeg?lk3s=97278606&x-expires=1777354917&x-signature=ZAgY9mjpR%2BkBOFyKAiyxbq0K5O4%3D&x-signature-webp=OihLp7LJ5J7sSorbU5M2DZKT9gU%3D","https://p16-images-sign-sg.tokopedia-static.net/tos-alisg-i-aphluv4xwc-sg/img/VqbcmM/2024/5/28/033b91aa-596c-4571-b4a3-3434babbe620.jpg~tplv-aphluv4xwc-white-pad-v1:300:300.jpeg?lk3s=97278606&x-expires=1777354917&x-signature=YJqDoA2zfeO71UM5%2BpSMirQYwj4%3D&x-signature-webp=gCBg5JmGcYD%2Bn1MOjPTDGyLHJS8%3D","https://vod-stream.tokopedia.net/view/ttvideo?source=QeEaKL&ttvid=v10c21g50000culdfefog65ukrpi6hog",,,,"12494828379","3936857","Gitar Elektrik JS Guitars Munsell Series StratStyle ST1 Satin Finish",,"3408899","Rp3.408.900",,"Rp3.408.899","5.0","Jakarta Utara","329773","Salomo Musik","2","7494083464627980165","https://www.tokopedia.com/salomomusik","1","1","1","19","1731261860834674565","1731261860834609029","https://www.tokopedia.com/salomomusik/gitar-elektrik-js-guitars-munsell-series-stratstyle-st1-satin-finish-1731261860834674565"
"2","Jakarta Barat",,"film-musik/gitar-bass/gitar-elektrik","57","Film & Musik",,"97407865","2 terjual","double_date_4","Rp524.900",,,,,,"https://p16-images-sign-sg.tokopedia-static.net/tos-alisg-i-aphluv4xwc-sg/img/product-1/2016/11/22/440273/440273_405886f2-25a2-48b4-bd1a-2a448f1ae85b.jpg~tplv-aphluv4xwc-white-pad-v1:200:200.jpeg?lk3s=97278606&x-expires=1777354918&x-signature=mmTXAo8Co%2FUyyMsLEPjpzYL1qO0%3D&x-signature-webp=rRslS0n0Go3ROmIt5bpp7GmdfDM%3D","https://p16-images-sign-sg.tokopedia-static.net/tos-alisg-i-aphluv4xwc-sg/img/product-1/2016/11/22/440273/440273_405886f2-25a2-48b4-bd1a-2a448f1ae85b.jpg~tplv-aphluv4xwc-white-pad-v1:300:300.jpeg?lk3s=97278606&x-expires=1777354918&x-signature=MhkigtE1bqm9pyyC2TbA%2BXLwO5Y%3D&x-signature-webp=PU0nC5bly8uGY77usXOZ4ATHFb8%3D",,,,,,"341106","Gitar Elektrik Merk Bc Rich Hitam Import Murah Jakarta",,"524900","Rp525.000",,"Rp524.900",,"Jakarta Barat","440273","Toko Gitar Jakarta Official","1","7495811584458918464","https://www.tokopedia.com/gitarjakarta","99998","1","99998","2","1729812691113772608","1729812691113707072","https://www.tokopedia.com/gitarjakarta/gitar-elektrik-merk-bc-rich-hitam-import-murah-jakarta"
"2","Jakarta Selatan",,"film-musik/gitar-bass/gitar-elektrik","57","Film & Musik",,"7617191393","1 terjual","double_date_4","Rp983.000",,,,,,"https://p16-images-sign-sg.tokopedia-static.net/tos-alisg-i-aphluv4xwc-sg/img/VqbcmM/2023/1/21/181f7843-6d7c-4ee9-83aa-6161ce74188e.jpg~tplv-aphluv4xwc-white-pad-v1:200:200.jpeg?lk3s=97278606&x-expires=1777354918&x-signature=PMmG9714Q%2BW3y8PoEO5grjoPayc%3D&x-signature-webp=k2iaD8UAg3xQLukl1D8KMXm5VXY%3D","https://p16-images-sign-sg.tokopedia-static.net/tos-alisg-i-aphluv4xwc-sg/img/VqbcmM/2023/1/21/181f7843-6d7c-4ee9-83aa-6161ce74188e.jpg~tplv-aphluv4xwc-white-pad-v1:300:300.jpeg?lk3s=97278606&x-expires=1777354918&x-signature=ohcWb4XARiE%2BbONOKLOp8m3JFJc%3D&x-signature-webp=mEOQxCRP%2BREx80UmyG8mCnW3%2B5M%3D",,,,,"7617191392","14906701","GITAR ELEKTRIK SAMICK MODEL SS-51 WH / SS-51 BK ORIGINAL",,"983000",,,"Rp983.000",,"Jakarta Selatan","15049518","Shizuka23","1","7495818872821352463","https://www.tokopedia.com/shizuka23","11","1","11","1","1729986611422331919","1729986611422266383","https://www.tokopedia.com/shizuka23/gitar-elektrik-samick-model-ss-51-wh-ss-51-bk-original-hitam"
"2","Jakarta Barat",,"film-musik/gitar-bass/gitar-elektrik","57","Film & Musik",,"4904993712","40+ terjual","double_date_4","Rp1.199.000",,,,,,"https://p16-images-common-sign-sg.tokopedia-static.net/tos-maliva-i-o3syd03w52-us/c2e22e3e528e4a5fb50d0acf0a472c35~tplv-o3syd03w52-resize-jpeg:200:200.jpeg?lk3s=97278606&x-expires=1777354918&x-signature=zleiCjFRTlUfXkZYc5ebI3MOLfY%3D&x-signature-webp=slXAicCyc9KnATCUys7Jtx7ZosQ%3D","https://p16-images-common-sign-sg.tokopedia-static.net/tos-maliva-i-o3syd03w52-us/c2e22e3e528e4a5fb50d0acf0a472c35~tplv-o3syd03w52-resize-jpeg:300:300.jpeg?lk3s=97278606&x-expires=1777354918&x-signature=he%2BcTJKHGY%2F%2Fx0v7KL4Ne%2BamZqg%3D&x-signature-webp=rPHotpes8ZLehD52nLVD2VqzllQ%3D",,,,,"4904993656","8176496","Gitar Elektrik Merk Gibson Les Paul Warna Hitam Black Listrik LesPaul Bonus Tas dan Kabel Jack Murah Jakarta",,"1199000",,,"Rp1.199.000","4.9","Jakarta Barat","7975963","Gitar Jakarta","1","7494083453262267914","https://www.tokopedia.com/gitar-jakarta","13","1","13","44","1729464275748030986","1729464275747899914","https://www.tokopedia.com/gitar-jakarta/gitar-elektrik-merk-gibson-les-paul-warna-hitam-black-listrik-lespaul-sunburst-cherry"
"2","Jakarta Barat",,"film-musik/gitar-bass/gitar-elektrik","57","Film & Musik",,"987729321","14 terjual","double_date_4","Hemat s.d 1% Pakai Bonus","Rp2.000.000","Hemat s.d 1% Pakai Bonus",,,,"https://p16-images-sign-sg.tokopedia-static.net/tos-alisg-i-aphluv4xwc-sg/img/product-1/2020/7/1/44168011/44168011_89fc68b8-070e-42d8-b70c-345fa2717cf6_959_959~tplv-aphluv4xwc-white-pad-v1:200:200.jpeg?lk3s=97278606&x-expires=1777354918&x-signature=n%2BEHLI%2B3dZiTackERE3QU3Z9HNU%3D&x-signature-webp=EOKDWFjCfUnu%2Be64nOkTw3DHwD4%3D","https://p16-images-sign-sg.tokopedia-static.net/tos-alisg-i-aphluv4xwc-sg/img/product-1/2020/7/1/44168011/44168011_89fc68b8-070e-42d8-b70c-345fa2717cf6_959_959~tplv-aphluv4xwc-white-pad-v1:300:300.jpeg?lk3s=97278606&x-expires=1777354918&x-signature=KbU7Msdc%2Fg%2FAegIsbxgSKmkGLQw%3D&x-signature-webp=E39Y3iZA46uOGOKychWnlCRgfgs%3D",,,,,,"3423060","gitar Listrik Ibanez s series natural Paket Lengkap",,"2000000",,,"Rp2.000.000","5.0","Jakarta Barat","4758142","Andry.music","1","7496202117230135329","https://www.tokopedia.com/andrymusic","6","1","6","14","1731750132051313697","1731750132051248161","https://www.tokopedia.com/andrymusic/gitar-listrik-ibanez-s-series-natural-paket-lengkap"
"2","Kab. Sukoharjo",,"film-musik/gitar-bass/gitar-elektrik","57","Film & Musik",,"100335136668","18 terjual","double_date_4","Hemat s.d 1% Pakai Bonus","Rp1.390.000","Hemat s.d 1% Pakai Bonus","Bisa COD",,,"https://p16-images-sign-sg.tokopedia-static.net/tos-alisg-i-aphluv4xwc-sg/51dba421a04449fc921a36ce02f4c7f3~tplv-aphluv4xwc-white-pad-v1:200:200.jpeg?lk3s=97278606&x-expires=1777354918&x-signature=keybtPXwVP7pS%2BhlECUPmCgo4q4%3D&x-signature-webp=U8WfPGkRWV88z5YbrMbgLQ6GG%2Fo%3D","https://p16-images-sign-sg.tokopedia-static.net/tos-alisg-i-aphluv4xwc-sg/51dba421a04449fc921a36ce02f4c7f3~tplv-aphluv4xwc-white-pad-v1:300:300.jpeg?lk3s=97278606&x-expires=1777354918&x-signature=r%2BZdqKhQeSpqPZvHDrDc84k%2BGoo%3D&x-signature-webp=RUpQvmNyq7ZIGNObeuYMdHJWkm8%3D",,,,,,"18772955","GITAR ELEKTRIK DIFERGIO RG UPDOWN SILVERBURSH MODEL IBANEZ Alat Musik Listrik Kayu Neck Maple Frettboard Rosewood dengan Pick",,"1390000",,,"Rp1.390.000","4.3","Kab. Sukoharjo","7495756797916581000","Rivertone Musik","1","7495756797916580491","https://www.tokopedia.com/rivertone-musik","13","1","13","18","1729659408468706955","1729659423960106635","https://www.tokopedia.com/rivertone-musik/gitar-elektrik-difergio-rg-updown-silverbursh-model-ibanez-alat-musik-listrik-kayu-neck-maple-frettboard-rosewood-dengan-pick-1729659423960106635"
"3","Kab. Bekasi","https://p16-images-comn-sg.tokopedia-static.net/tos-alisg-i-zr7vqa5nfb-sg/img/goldmerchant/pm_activation/badge/Power%20Merchant%20Pro.png~tplv-zr7vqa5nfb-image.image","film-musik/gitar-bass/bass-elektrik","57","Film & Musik",,"11594918332","5 terjual","double_date_4","Bisa COD","Rp1.900.000","Bisa COD",,,,"https://p16-images-sign-sg.tokopedia-static.net/tos-alisg-i-aphluv4xwc-sg/img/VqbcmM/2025/3/14/9cce63d3-2b00-4f32-bd53-f410c6747998.jpg~tplv-aphluv4xwc-white-pad-v1:200:200.jpeg?lk3s=97278606&x-expires=1777354918&x-signature=1IXdsqOhcIBrjVIXxw1g1OadsA4%3D&x-signature-webp=jjxBHQJW9iYJD8GEViq2jXdVUVA%3D","https://p16-images-sign-sg.tokopedia-static.net/tos-alisg-i-aphluv4xwc-sg/img/VqbcmM/2025/3/14/9cce63d3-2b00-4f32-bd53-f410c6747998.jpg~tplv-aphluv4xwc-white-pad-v1:300:300.jpeg?lk3s=97278606&x-expires=1777354918&x-signature=%2BoyipvV%2FwSu8gXjSUa5zz4%2Bubhc%3D&x-signature-webp=4n%2F6UyF2oLD9GlFmVWsqLeISevc%3D",,,,,"11594918325","1290601","gitar musicman majesty custom high quality blue new",,"1900000",,,"Rp1.900.000","5.0","Kab. Bekasi","1126549","ALshopbekasi","3","7494871045377460738","https://www.tokopedia.com/alshopjakarta","10","1","10","5","1731489474841183746","1731489474840921602","https://www.tokopedia.com/alshopjakarta/gitar-musicman-majesty-custom-high-quality-blue-new-putih-packing-biasa-f260c"
"2","Kab. Wonogiri",,"film-musik/gitar-bass/efek-gitar-bass","57","Film & Musik",,"102955716526","2 terjual","double_date_4","Bisa COD","Rp1.000.000","Bisa COD",,,,"https://p16-images-sign-sg.tokopedia-static.net/tos-alisg-i-aphluv4xwc-sg/a38f5d3e1837476d8984751c987450e0~tplv-aphluv4xwc-white-pad-v1:200:200.jpeg?lk3s=97278606&x-expires=1777354918&x-signature=RNuB%2BJZIB%2Ba4nYiWKTL3896Ccaw%3D&x-signature-webp=6tK%2Fb5Pq%2FCjskFkrPZfEIOCVvAY%3D","https://p16-images-sign-sg.tokopedia-static.net/tos-alisg-i-aphluv4xwc-sg/a38f5d3e1837476d8984751c987450e0~tplv-aphluv4xwc-white-pad-v1:300:300.jpeg?lk3s=97278606&x-expires=1777354918&x-signature=s8pZJFdGlYu63BTs3Ob4xOTVFds%3D&x-signature-webp=onzpl3Y%2FgLvYGJPvj2rXMLQ%2BNeE%3D",,,,,"102955716525","20821386","NOVO Gitar Listrik Putih dengan Aksesori Lengkap Termasuk Kabel dan Pedal Efek",,"1000000",,,"Rp1.000.000",,"Kab. Wonogiri","7494188603132185000","Maz Lenot","1","7494188603132184404","https://www.tokopedia.com/maz-lenot","10","1","10","2","1734250943836882772","1734250969274484564","https://www.tokopedia.com/maz-lenot/novo-gitar-listrik-putih-dengan-aksesori-lengkap-termasuk-kabel-dan-pedal-efek-1734250943836882772"
"2","Jakarta Barat",,"film-musik/gitar-bass/gitar-elektrik","57","Film & Musik",,"11071831273","26 terjual","double_date_4","Rp1.349.000",,,,,,"https://p16-images-common-sign-sg.tokopedia-static.net/tos-maliva-i-o3syd03w52-us/f2958e40f0484b1190b17b4d26318f05~tplv-o3syd03w52-resize-jpeg:200:200.jpeg?lk3s=97278606&x-expires=1777354918&x-signature=JMvBU8folPfcHRm8NCJHdOz8Weo%3D&x-signature-webp=xYOLdQbuuQYa3IaQh8zqfcOoA1g%3D","https://p16-images-common-sign-sg.tokopedia-static.net/tos-maliva-i-o3syd03w52-us/f2958e40f0484b1190b17b4d26318f05~tplv-o3syd03w52-resize-jpeg:300:300.jpeg?lk3s=97278606&x-expires=1777354918&x-signature=fmj0oNRora9u0tVw8yXlda3yxrk%3D&x-signature-webp=hzskl2ChhjdzJpxKAXGu68T40i8%3D",,,,,"11071831267","8176496","Gitar Elektrik Merk Ibanez Tipe S Series Warna Hitam Bonus Tas dan Kabel Jack Listrik Murah Jakarta",,"1349000",,,"Rp1.349.000","4.6","Jakarta Barat","7975963","Gitar Jakarta","1","7494083453262267914","https://www.tokopedia.com/gitar-jakarta","12","1","12","26","1729676847487552010","1729676847487486474","https://www.tokopedia.com/gitar-jakarta/gitar-elektrik-merk-ibanez-tipe-s-series-warna-hitam-black-bonus-tas-dan-kabel-jack-listrik-murah-jakarta-hitam-d37d4"
"2","Semarang",,"film-musik/gitar-bass/gitar-akustik","57","Film & Musik",,"103055350118","1 terjual","double_date_4","Hemat s.d 1% Pakai Bonus","33%","Rp1.973.150","Hemat s.d 1% Pakai Bonus",,,"https://p16-images-sign-sg.tokopedia-static.net/tos-alisg-i-aphluv4xwc-sg/883b20e44ff84ea68e7e1ef6218636b2~tplv-aphluv4xwc-white-pad-v1:200:200.jpeg?lk3s=97278606&x-expires=1777354918&x-signature=0tJNk4hXQpLtUEMWMvbo0cKu9Bk%3D&x-signature-webp=7PNG8O0a4NPdbIhJoGPixghp9vA%3D","https://p16-images-sign-sg.tokopedia-static.net/tos-alisg-i-aphluv4xwc-sg/883b20e44ff84ea68e7e1ef6218636b2~tplv-aphluv4xwc-white-pad-v1:300:300.jpeg?lk3s=97278606&x-expires=1777354918&x-signature=J3p3y0A567VwSwusMEQGFNQdH9Y%3D&x-signature-webp=AWPLmbd7nQBWg%2FsTK6vyjhl9g3A%3D",,,,,"103055350117","315849","Gitar Listrik Original Point Seri ELP-101",,"1973150","Rp2.945.000",,"Rp1.973.150",,"Semarang","307517","Music Point Semarang","1","7494528222854089281","https://www.tokopedia.com/semarangmusicpoint","1","1","1","1","1734424872852686401","1734424872026474049","https://www.tokopedia.com/semarangmusicpoint/gitar-listrik-original-point-seri-elp-101-1734424872852686401"
"2","Semarang",,"film-musik/gitar-bass/gitar-elektrik","57","Film & Musik",,"100732140434","9 terjual","double_date_4","Beli Lokal","Hemat s.d 1% Pakai Bonus","59%","Rp1.529.999","Hemat s.d 1% Pakai Bonus","Bisa COD","https://p16-images-sign-sg.tokopedia-static.net/tos-alisg-i-aphluv4xwc-sg/7f41e5b1f5c846d0a39db8955e0752f7~tplv-aphluv4xwc-white-pad-v1:200:200.jpeg?lk3s=97278606&x-expires=1777354918&x-signature=wnkVrlHJpjT%2FXzSXFs9lnKvUpO0%3D&x-signature-webp=q4d6gPzkodOYKiZgSR2pE4xgEds%3D","https://p16-images-sign-sg.tokopedia-static.net/tos-alisg-i-aphluv4xwc-sg/7f41e5b1f5c846d0a39db8955e0752f7~tplv-aphluv4xwc-white-pad-v1:300:300.jpeg?lk3s=97278606&x-expires=1777354918&x-signature=Y92DYMFB3lf0C4qe%2F2kkGlthgWo%3D&x-signature-webp=DefMxramgvLfJVQZ6SMswFulvbE%3D",,,,,"100291150026","2005086","Gitar Elektrik Epiphone Les Paul Gitar Listrik Epiphone Les Paul (TT)",,"1529999","Rp3.750.000",,"Rp1.529.999","5.0","Semarang","2480948","Gallery Music Semarang","1","7494812570411370798","https://www.tokopedia.com/gallerymusicsemarang","10000","1","10000","9","1731883548187723054","1729613691164657966","https://www.tokopedia.com/gallerymusicsemarang/gitar-elektrik-epiphone-les-paul-gitar-listrik-epiphone-les-paul-tt-1731883548187723054"
"2","Jakarta Barat",,"film-musik/gitar-bass/gitar-elektrik","57","Film & Musik",,"11561013327","100+ terjual","double_date_4","Hemat s.d 1% Pakai Bonus","Rp1.550.000","Hemat s.d 1% Pakai Bonus",,,,"https://p16-images-sign-sg.tokopedia-static.net/tos-alisg-i-aphluv4xwc-sg/img/product-1/2019/5/14/378109948/378109948_a49e9a7f-770d-4991-a044-b9809c736076_720_720.jpg~tplv-aphluv4xwc-white-pad-v1:200:200.jpeg?lk3s=97278606&x-expires=1777354918&x-signature=qhkhcgkv0wr13ux3j%2FuMYN0n7dc%3D&x-signature-webp=FnnUu9M0%2B4uBTMHs3Xu42QxCZSc%3D","https://p16-images-sign-sg.tokopedia-static.net/tos-alisg-i-aphluv4xwc-sg/img/product-1/2019/5/14/378109948/378109948_a49e9a7f-770d-4991-a044-b9809c736076_720_720.jpg~tplv-aphluv4xwc-white-pad-v1:300:300.jpeg?lk3s=97278606&x-expires=1777354918&x-signature=EI8ZABKc2u3YfS%2Bav34UChU%2FhHE%3D&x-signature-webp=IuupHfcfT7xwRlc2N8Psd4F8IYQ%3D",,,,,"378109948","3423060","Gitar Listrik Gibson Les Paul Black Edition Murah",,"1550000",,,"Rp1.550.000","4.9","Jakarta Barat","4758142","Andry.music","1","7496202117230135329","https://www.tokopedia.com/andrymusic","7","1","7","134","1731750161040245793","1731750161040114721","https://www.tokopedia.com/andrymusic/gitar-listrik-gibson-les-paul-black-edition-murah-hanya-kardus-21c80"
"2","Kab. Sukoharjo",,"film-musik/gitar-bass/gitar-akustik","57","Film & Musik",,"100599237186","26 terjual","double_date_4","Beli Lokal","Hemat s.d 1% Pakai Bonus","23%","Rp1.149.999","Hemat s.d 1% Pakai Bonus","+Hadiah Gratis","https://p16-images-sign-sg.tokopedia-static.net/tos-alisg-i-aphluv4xwc-sg/ef71f1f63fff46c687c9a254d6f2f140~tplv-aphluv4xwc-white-pad-v1:200:200.jpeg?lk3s=97278606&x-expires=1777354918&x-signature=nO5T74Kg19SOzXgiMNJhDmMhvZA%3D&x-signature-webp=4xSLMesU26QEKd5xaL8CbFhFpMs%3D","https://p16-images-sign-sg.tokopedia-static.net/tos-alisg-i-aphluv4xwc-sg/ef71f1f63fff46c687c9a254d6f2f140~tplv-aphluv4xwc-white-pad-v1:300:300.jpeg?lk3s=97278606&x-expires=1777354918&x-signature=%2B0%2FRa2JZsTDh7WqOCvPE08guYYc%3D&x-signature-webp=Nm%2B%2BMUutXoZG3SoUbTCaFlZhLdM%3D",,,,,"100291296315","10293556","Gitar Listrik Original Merk KOWE Model Tele Termurah Packing Kayu",,"1149999","Rp1.500.000",,"Rp1.149.999","4.9","Kab. Sukoharjo","10232065","Kowe Gitar Kita","1","7494735637826930794","https://www.tokopedia.com/myfamsguitar","9","1","9","26","1731663722531292266","1729510894530693226","https://www.tokopedia.com/myfamsguitar/gitar-listrik-original-merk-kowe-model-tele-termurah-packing-kayu-1731663722531292266"
"2","Kab. Sukoharjo",,"film-musik/gitar-bass/gitar-elektrik","57","Film & Musik",,"16082050056","13 terjual","double_date_4","Bisa COD","Rp999.000","Bisa COD",,,,"https://p16-images-sign-sg.tokopedia-static.net/tos-alisg-i-aphluv4xwc-sg/img/VqbcmM/2025/1/19/d72b9fc7-2b8e-4b1b-9941-593795d0e591.jpg~tplv-aphluv4xwc-white-pad-v1:200:200.jpeg?lk3s=97278606&x-expires=1777354918&x-signature=xUoQolofjuOUmMpHFUEnBCTCYlY%3D&x-signature-webp=BDfWvR0SC%2F5VU59S%2FXBFH%2F2YrWw%3D","https://p16-images-sign-sg.tokopedia-static.net/tos-alisg-i-aphluv4xwc-sg/img/VqbcmM/2025/1/19/d72b9fc7-2b8e-4b1b-9941-593795d0e591.jpg~tplv-aphluv4xwc-white-pad-v1:300:300.jpeg?lk3s=97278606&x-expires=1777354918&x-signature=kJp4%2BMH5QJUXomTVR6M2jpyrvHk%3D&x-signature-webp=yaEuICm5%2B5HL%2BZ%2Fmw3s7kmllBmo%3D",,,,,"16082050055","2898671","Gitar Elektrik Difergio Model Ibanez Pemula dan Profesional",,"999000",,,"Rp999.000","4.1","Kab. Sukoharjo","3819947","SHALSAMUSIK","1","7494474153466300677","https://www.tokopedia.com/shalsamusik","19","1","19","13","1731469762616853765","1731469762616788229","https://www.tokopedia.com/shalsamusik/gitar-elektrik-difergio-model-ibanez-pemula-dan-profesional-1730801598301374108"
"2","Jakarta Barat",,"film-musik/gitar-bass/gitar-elektrik","57","Film & Musik",,"4905945380","19 terjual","double_date_4","Rp1.198.900",,,,,,"https://p16-images-sign-sg.tokopedia-static.net/tos-alisg-i-aphluv4xwc-sg/bc5056c1906d4dee93367c11fc3fbfcd~tplv-aphluv4xwc-white-pad-v1:200:200.jpeg?lk3s=97278606&x-expires=1777354918&x-signature=Z5xMf7CLYOsNXU83ldwv%2BxSfQNU%3D&x-signature-webp=A1csCO7kPPvtssLV5h1rriGkHCY%3D","https://p16-images-sign-sg.tokopedia-static.net/tos-alisg-i-aphluv4xwc-sg/bc5056c1906d4dee93367c11fc3fbfcd~tplv-aphluv4xwc-white-pad-v1:300:300.jpeg?lk3s=97278606&x-expires=1777354918&x-signature=uKP5Nkf7Rx%2Bc2fnqzfRwtrbr0hE%3D&x-signature-webp=8yLHaN%2BJ6c5Hfwuem9agY2LKAxU%3D",,,,,"4905945364","341106","Gitar Elektrik Merk Gibson Les Paul Warna Hitam Black LesPaul Listrik",,"1198900","Rp1.199.000",,"Rp1.198.900","5.0","Jakarta Barat","440273","Toko Gitar Jakarta Official","1","7495811584458918464","https://www.tokopedia.com/gitarjakarta","3","1","3","19","1729984268949030464","1729984268948833856","https://www.tokopedia.com/gitarjakarta/gitar-elektrik-merk-gibson-les-paul-warna-hitam-black-lespaul-listrik-hitam-black"
"2","Kab. Sukoharjo",,"film-musik/gitar-bass/gitar-elektrik","57","Film & Musik",,"103087548813","1 terjual","double_date_4","Hemat s.d 1% Pakai Bonus","Rp1.390.000","Hemat s.d 1% Pakai Bonus","Bisa COD",,,"https://p16-images-sign-sg.tokopedia-static.net/tos-alisg-i-aphluv4xwc-sg/c8b76f722daa42fba3c040fe18f2fe0e~tplv-aphluv4xwc-white-pad-v1:200:200.jpeg?lk3s=97278606&x-expires=1777354918&x-signature=af0bDwmupuwnIBnG75KHTNS2%2Blk%3D&x-signature-webp=z1jiuEku8NpUPrGSYGadOZIXZUI%3D","https://p19-images-sign-sg.tokopedia-static.net/tos-alisg-i-aphluv4xwc-sg/c8b76f722daa42fba3c040fe18f2fe0e~tplv-aphluv4xwc-white-pad-v1:300:300.jpeg?lk3s=97278606&x-expires=1777354918&x-signature=pBC4rGFgtf%2FPuV%2FqwakJvUhlH6g%3D&x-signature-webp=vLIij2AAUggAlAqcODchu37jjto%3D",,,,,"103074745891","18772955","Ibanez Gitar Elektrik Difergio Premium Blue Model Rg Updown dengan Desain Elegan dan Kualitas Suara Terbaik",,"1390000",,,"Rp1.390.000",,"Kab. Sukoharjo","7495756797916581000","Rivertone Musik","1","7495756797916580491","https://www.tokopedia.com/rivertone-musik","9","1","9","1","1734547972458972811","1734475589725161099","https://www.tokopedia.com/rivertone-musik/ibanez-gitar-elektrik-difergio-premium-blue-model-rg-updown-dengan-desain-elegan-dan-kualitas-suara-terbaik-1734547972458972811"
"2","Jakarta Barat",,"film-musik/gitar-bass/gitar-elektrik","57","Film & Musik",,"100389869840","60+ terjual","double_date_4","Rp799.000",,,,,,"https://p16-images-common-sign-sg.tokopedia-static.net/tos-maliva-i-o3syd03w52-us/619b693347c84caeb4a9933ea78a373a~tplv-o3syd03w52-resize-jpeg:200:200.jpeg?lk3s=97278606&x-expires=1777354918&x-signature=SJOMTCJ0FMu4WELMzyO7TUCgfZk%3D&x-signature-webp=6pzNuJYDoYPIOpyxWm2%2B4qf3NN8%3D","https://p16-images-common-sign-sg.tokopedia-static.net/tos-maliva-i-o3syd03w52-us/619b693347c84caeb4a9933ea78a373a~tplv-o3syd03w52-resize-jpeg:300:300.jpeg?lk3s=97278606&x-expires=1777354918&x-signature=lfZQ%2BvWKmWimFuyQ5gLHYQwWuwU%3D&x-signature-webp=yvDqUmKwN5TzsYeUuAV7rCcsofc%3D",,,,,"2176984633","8176496","Gitar Elektrik Merk Ibanez Model JEM Warna Hitam Bonus Tas dan Kabel Jack Listrik Murah Jakarta",,"799000",,,"Rp799.000","4.8","Jakarta Barat","7975963","Gitar Jakarta","1","7494083453262267914","https://www.tokopedia.com/gitar-jakarta","193","1","193","68","1729464396630166026","1729464396630100490","https://www.tokopedia.com/gitar-jakarta/gitar-elektrik-merk-ibanez-model-jem-warna-hitam-bonus-tas-dan-kabel-jack-listrik-murah-jakarta-1729464396630166026"
"2","Jakarta Selatan",,"film-musik/gitar-bass/gitar-elektrik","57","Film & Musik",,"100616845841","9 terjual","double_date_4","Hemat s.d 1% Pakai Bonus","Rp1.845.000","Hemat s.d 1% Pakai Bonus","Bisa COD",,,"https://p16-images-sign-sg.tokopedia-static.net/tos-alisg-i-aphluv4xwc-sg/49021f4230134dfe98299fb34deacc7c~tplv-aphluv4xwc-white-pad-v1:200:200.jpeg?lk3s=97278606&x-expires=1777354918&x-signature=1Nrsen3ewVd2q2YM7%2FHoTscTAH0%3D&x-signature-webp=lDN5sv%2FEBoNp4RdtSh8h1JroZfQ%3D","https://p16-images-sign-sg.tokopedia-static.net/tos-alisg-i-aphluv4xwc-sg/49021f4230134dfe98299fb34deacc7c~tplv-aphluv4xwc-white-pad-v1:300:300.jpeg?lk3s=97278606&x-expires=1777354918&x-signature=1pq4L%2BDtQ9Ga%2FZFp%2BkwUULsYVq4%3D&x-signature-webp=lI6WeV0AW0j1TSjCr7SQ3Nf7Sw0%3D",,,,,"100616845840","20132388","Donner DST-80 Guitar Electric - Matton Black",,"1845000",,,"Rp1.845.000",,"Jakarta Selatan","7496222309625400000","Serenata Galeri Musik_NEW","1","7496222309625399934","https://www.tokopedia.com/serenata-galeri-musik","1","1","1","9","1731697855590532734","1731697718970582654","https://www.tokopedia.com/serenata-galeri-musik/donner-dst-80-guitar-electric-matton-black-1731697855590532734"
"2","Kab. Sukoharjo",,"film-musik/gitar-bass/gitar-elektrik","57","Film & Musik",,"100525264605","3 terjual","double_date_4","Bisa COD","Rp1.127.000","Bisa COD",,,,"https://p16-images-sign-sg.tokopedia-static.net/tos-alisg-i-aphluv4xwc-sg/dbd16785e97747e69cc9084b8cedaecc~tplv-aphluv4xwc-white-pad-v1:200:200.jpeg?lk3s=97278606&x-expires=1777354918&x-signature=L6l9gEXyd6mLjuj2xC6ndloXqTI%3D&x-signature-webp=4kUNGojWResO%2BdVAaz2hNd9lxYY%3D","https://p16-images-sign-sg.tokopedia-static.net/tos-alisg-i-aphluv4xwc-sg/dbd16785e97747e69cc9084b8cedaecc~tplv-aphluv4xwc-white-pad-v1:300:300.jpeg?lk3s=97278606&x-expires=1777354918&x-signature=WiXMbHvO%2FSa6b%2BDlzGHLT%2FBPZjY%3D&x-signature-webp=izi3x1fvlGJTSc3gw7lDHEjiC1Y%3D",,,,,"100525264604","18721455","GITAR ELEKTRIK GIBSON LES PAUL GOLD",,"1127000","Rp1.150.000",,"Rp1.127.000","5.0","Kab. Sukoharjo","7496175701145979000","ZURAGAN STORE","1","7496175701145979199","https://www.tokopedia.com/zuragan-store","15","1","15","3","1731484202673931583","1731484123198293311","https://www.tokopedia.com/zuragan-store/gitar-elektrik-gibson-les-paul-gold-1731484202673931583"
"2","Jakarta Selatan",,"film-musik/gitar-bass/gitar-elektrik","57","Film & Musik",,"100727159892","23 terjual","double_date_4","Hemat s.d 1% Pakai Bonus","23%","Rp1.821.250","Hemat s.d 1% Pakai Bonus",,,"https://p16-images-sign-sg.tokopedia-static.net/tos-alisg-i-aphluv4xwc-sg/5b62080c5e2641daaafd5e8fc7014338~tplv-aphluv4xwc-white-pad-v1:200:200.jpeg?lk3s=97278606&x-expires=1777354918&x-signature=e6NFhc1Qg2FDQNdeZSAP06zAN9o%3D&x-signature-webp=tC7mhINCLhQ64E6VhJMkZxQQr%2F4%3D","https://p16-images-sign-sg.tokopedia-static.net/tos-alisg-i-aphluv4xwc-sg/5b62080c5e2641daaafd5e8fc7014338~tplv-aphluv4xwc-white-pad-v1:300:300.jpeg?lk3s=97278606&x-expires=1777354918&x-signature=HBF3UL%2BSb767Jfp8o1Ju4RezQWg%3D&x-signature-webp=DspQsI3RlKzIP9WAb7T5eqFAvkg%3D",,,,,,"17860783","Donner DST-80 Electric Guitar Matton Black | Full Set",,"1821250","Rp2.350.000",,"Rp1.821.250","4.7","Jakarta Selatan","18020496","Serenata Galeri Musik JKT","1","7496259314771134873","https://www.tokopedia.com/serenatagalerimusik","3","1","3","23","1731875364940383641","1731875206411814297","https://www.tokopedia.com/serenatagalerimusik/donner-dst-80-electric-guitar-matton-black-full-set-1731875206411814297"
"2","Jakarta Barat",,"film-musik/gitar-bass/gitar-elektrik","57","Film & Musik",,"100723260314","9 terjual","double_date_4","Hemat s.d 1% Pakai Bonus","Rp1.409.999","Hemat s.d 1% Pakai Bonus",,,,"https://p16-images-sign-sg.tokopedia-static.net/tos-alisg-i-aphluv4xwc-sg/c0c0799723804530a2b04f844e359d08~tplv-aphluv4xwc-white-pad-v1:200:200.jpeg?lk3s=97278606&x-expires=1777354918&x-signature=wLa0qyfh9FT%2FhuB1dO4cp9q14Bw%3D&x-signature-webp=yJn8CYvcaCW4Sw5uxQTabmIM9X4%3D","https://p16-images-sign-sg.tokopedia-static.net/tos-alisg-i-aphluv4xwc-sg/c0c0799723804530a2b04f844e359d08~tplv-aphluv4xwc-white-pad-v1:300:300.jpeg?lk3s=97278606&x-expires=1777354918&x-signature=axMjTLRwL497GvMqsvoNIME2zHA%3D&x-signature-webp=aQWoqnkrLFOSLNydfKQ5l3uU3OM%3D",,,,,"3453024690","13395173","Gitar Elektrik Electric SCORPION STRATOCASTER SS120 SS 120",,"1409999",,,"Rp1.409.999","5.0","Jakarta Barat","13487405","GITARO STORE","1","7496163207755892788","https://www.tokopedia.com/kamilamusik","2","1","2","9","1731867426468103220","1731289118253941812","https://www.tokopedia.com/kamilamusik/gitar-elektrik-electric-scorpion-stratocaster-ss120-ss-120-1731867426468103220"
"3","Kab. Bekasi","https://p16-images-comn-sg.tokopedia-static.net/tos-alisg-i-zr7vqa5nfb-sg/img/goldmerchant/pm_activation/badge/Power%20Merchant%20Pro.png~tplv-zr7vqa5nfb-image.image","film-musik/gitar-bass/gitar-elektrik","57","Film & Musik",,"15341591848","18 terjual","double_date_4","Bisa COD","Rp1.600.000","Bisa COD",,,,"https://p16-images-sign-sg.tokopedia-static.net/tos-alisg-i-aphluv4xwc-sg/9d6575e79c914998a28f0e65badb8372~tplv-aphluv4xwc-white-pad-v1:200:200.jpeg?lk3s=97278606&x-expires=1777354918&x-signature=tZMUcInYvWSh4WelyaVBf3t%2FWk0%3D&x-signature-webp=pprHyIQJqRNFgawKHkZna7loeYE%3D","https://p16-images-sign-sg.tokopedia-static.net/tos-alisg-i-aphluv4xwc-sg/9d6575e79c914998a28f0e65badb8372~tplv-aphluv4xwc-white-pad-v1:300:300.jpeg?lk3s=97278606&x-expires=1777354918&x-signature=bW%2FWVeS3jywwkYuiEri5at%2FHqHQ%3D&x-signature-webp=AzJTnwrRaBjjqDikk%2B1TDJ8PVgM%3D",,,,,"516907074","1290601","Gitar ibanez premium custom PU GNB korea new",,"1600000",,,"Rp1.600.000","4.4","Kab. Bekasi","1126549","ALshopbekasi","3","7494871045377460738","https://www.tokopedia.com/alshopjakarta","10","1","10","18","1729607632566127106","1729607632566061570","https://www.tokopedia.com/alshopjakarta/gitar-ibanez-premium-custom-pu-gnb-korea-new-1729607632566127106"
"3","Kab. Bekasi","https://p16-images-comn-sg.tokopedia-static.net/tos-alisg-i-zr7vqa5nfb-sg/img/goldmerchant/pm_activation/badge/Power%20Merchant%20Pro.png~tplv-zr7vqa5nfb-image.image","film-musik/gitar-bass/amplifier-gitar-bass","57","Film & Musik",,"708356976","28 terjual","double_date_4","Rp2.500.000",,,,,,"https://p16-images-sign-sg.tokopedia-static.net/tos-alisg-i-aphluv4xwc-sg/img/product-1/2020/2/21/1126549/1126549_94065fef-9c8b-4961-9abf-5ecc6b55991d_1062_1062.jpg~tplv-aphluv4xwc-white-pad-v1:200:200.jpeg?lk3s=97278606&x-expires=1777354918&x-signature=JiJHMbkzKVQPtxUnwrzIuHHN%2FAE%3D&x-signature-webp=ZbOT3dEf%2BIl4pkONTLadL1htmLM%3D","https://p16-images-sign-sg.tokopedia-static.net/tos-alisg-i-aphluv4xwc-sg/img/product-1/2020/2/21/1126549/1126549_94065fef-9c8b-4961-9abf-5ecc6b55991d_1062_1062.jpg~tplv-aphluv4xwc-white-pad-v1:300:300.jpeg?lk3s=97278606&x-expires=1777354918&x-signature=K6O%2Bgwg21zhqQ8VhZS%2BPxm6Mqg8%3D&x-signature-webp=16q%2BRMzqXiXr6sjkHFVdWn%2B8lW4%3D",,,,,,"1290601","Paket lengkap gitar Gibson les paul,ampli dan kabel jack new",,"2500000",,,"Rp2.500.000","4.9","Kab. Bekasi","1126549","ALshopbekasi","3","7494871045377460738","https://www.tokopedia.com/alshopjakarta","99","1","99","28","1731489538256635394","1731489538256569858","https://www.tokopedia.com/alshopjakarta/paket-lengkap-gitar-gibson-les-paul-ampli-dan-kabel-jack-new"
"2","Kab. Sleman",,"film-musik/gitar-bass/gitar-elektrik","57","Film & Musik",,"100325643206","11 terjual","double_date_4","Hemat s.d 1% Pakai Bonus","Rp1.049.500","Hemat s.d 1% Pakai Bonus",,,,"https://p16-images-common-sign-sg.tokopedia-static.net/tos-maliva-i-o3syd03w52-us/03deb1f5e34046d0a8841cd4be3b9435~tplv-o3syd03w52-resize-jpeg:200:200.jpeg?lk3s=97278606&x-expires=1777354918&x-signature=l2m6XsSHD30RMOF7%2FucWmKZXfb0%3D&x-signature-webp=Q109Q7SPUZLvtjSJ23FY2mNYo8I%3D","https://p16-images-common-sign-sg.tokopedia-static.net/tos-maliva-i-o3syd03w52-us/03deb1f5e34046d0a8841cd4be3b9435~tplv-o3syd03w52-resize-jpeg:300:300.jpeg?lk3s=97278606&x-expires=1777354918&x-signature=j2DqquqZz1y3YTg3PxZx1ii42o8%3D&x-signature-webp=EpZe0s72Zis1gAHgKInApiyM7Bc%3D",,,,,"100325643205","18761636","Gitar Elektrik Difergio Original Listrik Model Stratocaster FREE Packing Kayu gitar elektrik murah gitar listrik viral gitar elektrik pemula",,"1049500",,,"Rp1.049.500","5.0","Kab. Sleman","7494956723600854000","Rockindojogja","1","7494956723600853529","https://www.tokopedia.com/rockindojogja-712","16","1","16","11","1729733706233186841","1729733706233121305","https://www.tokopedia.com/rockindojogja-712/gitar-elektrik-difergio-original-listrik-body-alder-neck-mapel-6-senar-model-stratocaster-warna-natural-wood-free-packing-kayu-1729733706233186841"
"2","Kab. Sukoharjo",,"film-musik/gitar-bass/gitar-elektrik","57","Film & Musik",,"100513238045","4 terjual","double_date_4","Bisa COD","Rp1.350.000","Bisa COD",,,,"https://p16-images-sign-sg.tokopedia-static.net/tos-alisg-i-aphluv4xwc-sg/c5d4894fe4494c85b33c29ddb16343d2~tplv-aphluv4xwc-white-pad-v1:200:200.jpeg?lk3s=97278606&x-expires=1777354918&x-signature=mEt9r4mP32g%2FV5cyYiW06AsTfQI%3D&x-signature-webp=DhSJFQsQdGw3YyHtWJzN%2FDy4XGo%3D","https://p16-images-sign-sg.tokopedia-static.net/tos-alisg-i-aphluv4xwc-sg/c5d4894fe4494c85b33c29ddb16343d2~tplv-aphluv4xwc-white-pad-v1:300:300.jpeg?lk3s=97278606&x-expires=1777354918&x-signature=sjSh314wGUx8d%2Fw6AKpnycQAC0A%3D&x-signature-webp=kQVapvdHGev%2BOfiUEDP%2FUR6PbqY%3D",,,,,"100290021516","18721455","GITAR ELEKTRIK IBANEZ PREMIUM RED",,"1350000",,,"Rp1.350.000","5.0","Kab. Sukoharjo","7496175701145979000","ZURAGAN STORE","1","7496175701145979199","https://www.tokopedia.com/zuragan-store","20","1","20","4","1731467488713999679","1731329787701986623","https://www.tokopedia.com/zuragan-store/gitar-elektrik-ibanez-premium-red-1731467488713999679"
"2","Kab. Sukoharjo",,"film-musik/gitar-bass/gitar-elektrik","57","Film & Musik",,"102553273725","1 terjual","double_date_4","Bisa COD","Rp1.127.000","Bisa COD",,,,"https://p16-images-sign-sg.tokopedia-static.net/tos-alisg-i-aphluv4xwc-sg/f6b63b8f84424c4ebf40508212040663~tplv-aphluv4xwc-white-pad-v1:200:200.jpeg?lk3s=97278606&x-expires=1777354918&x-signature=QLsxp1Wt7Ms%2BYM82mpy8cUm0QvA%3D&x-signature-webp=ohYN6pVjbKhZNTutCaKnKwG23Nk%3D","https://p16-images-sign-sg.tokopedia-static.net/tos-alisg-i-aphluv4xwc-sg/f6b63b8f84424c4ebf40508212040663~tplv-aphluv4xwc-white-pad-v1:300:300.jpeg?lk3s=97278606&x-expires=1777354918&x-signature=9ZhaLXD0fBkDy48%2BpCIYxBJ5nY0%3D&x-signature-webp=KvdD9yHtFrVsLwIYkmgW5S4I67Y%3D",,,,,"100493487944","18721455","GITAR ELEKTRIK GIBSON SG MERAH",,"1127000","Rp1.150.000",,"Rp1.127.000",,"Kab. Sukoharjo","7496175701145979000","ZURAGAN STORE","1","7496175701145979199","https://www.tokopedia.com/zuragan-store","10","1","10","1","1733200879142602047","1731458791473382719","https://www.tokopedia.com/zuragan-store/gitar-elektrik-gibson-sg-merah-1733200879142602047"
"2","Kab. Sukoharjo",,"film-musik/gitar-bass/amplifier-gitar-bass","57","Film & Musik",,"100559784985","8 terjual","double_date_4","Beli Lokal","Hemat s.d 1% Pakai Bonus","20%","Rp1.124.999","Hemat s.d 1% Pakai Bonus","+Hadiah Gratis","https://p16-images-sign-sg.tokopedia-static.net/tos-alisg-i-aphluv4xwc-sg/4ab9658fa3d7437cbd537707d682b549~tplv-aphluv4xwc-white-pad-v1:200:200.jpeg?lk3s=97278606&x-expires=1777354918&x-signature=R9wfk5%2BzqMsZnns1rnSiHlCilYo%3D&x-signature-webp=2FCJl0fdcrcZw07wGzz%2BwVw160M%3D","https://p16-images-sign-sg.tokopedia-static.net/tos-alisg-i-aphluv4xwc-sg/4ab9658fa3d7437cbd537707d682b549~tplv-aphluv4xwc-white-pad-v1:300:300.jpeg?lk3s=97278606&x-expires=1777354918&x-signature=vSarCDE7MDh0MCwWeWNSAAd7owM%3D&x-signature-webp=%2BPcled%2B128Qvg0JaPo%2F8%2F1H9ErQ%3D",,,,,"100291295070","10293556","Kowe Gitar Kita Elektrik Seri Stronger SSS Original Paket Hemat Ampli Mini",,"1124999","Rp1.400.000",,"Rp1.124.999","5.0","Kab. Sukoharjo","10232065","Kowe Gitar Kita","1","7494735637826930794","https://www.tokopedia.com/myfamsguitar","10","1","10","8","1731576293360436330","1730920399108342890","https://www.tokopedia.com/myfamsguitar/kowe-gitar-kita-elektrik-seri-stronger-sss-original-paket-hemat-ampli-mini-1731576293360436330"
"2","Tangerang",,"film-musik/gitar-bass/gitar-elektrik","57","Film & Musik",,"102100655471","3 terjual","double_date_4","Rp750.000",,,,,,"https://p16-images-sign-sg.tokopedia-static.net/tos-alisg-i-aphluv4xwc-sg/feb0be4efc1b4474afdff8d7147f4e87~tplv-aphluv4xwc-white-pad-v1:200:200.jpeg?lk3s=97278606&x-expires=1777354918&x-signature=9YjaA6RGMd64V4FrB94JBkc0zhg%3D&x-signature-webp=0rmXqI8hQzg8Kb%2By9Z804mkDx%2Bs%3D","https://p16-images-sign-sg.tokopedia-static.net/tos-alisg-i-aphluv4xwc-sg/feb0be4efc1b4474afdff8d7147f4e87~tplv-aphluv4xwc-white-pad-v1:300:300.jpeg?lk3s=97278606&x-expires=1777354918&x-signature=laxELiqHCBHa5D83P%2FCaOatLh0E%3D&x-signature-webp=dRpPAT9vvOdB4N0L%2B%2B8gbWCT6Mg%3D",,,,,"102100655470","20559698","gitar listrik/elektrik fender stratocaster (sunbrust, red, green/sunbrust, merah, hijau)",,"750000",,,"Rp750.000",,"Tangerang","7494090075491305000","ari.ari.akustik.klasik","1","7494090075491305199","https://www.tokopedia.com/ariariakustikklasik","1","1","1","3","1732210612884244207","1732210610488051439","https://www.tokopedia.com/ariariakustikklasik/gitar-listrik-elektrik-fender-stratocaster-sunbrust-red-green-sunbrust-merah-hijau-1732210612884244207"
"2","Semarang",,"film-musik/gitar-bass/gitar-elektrik","57","Film & Musik",,"100731534684","18 terjual","double_date_4","Beli Lokal","Hemat s.d 1% Pakai Bonus","59%","Rp1.529.899","Hemat s.d 1% Pakai Bonus","Bisa COD","https://p16-images-sign-sg.tokopedia-static.net/tos-alisg-i-aphluv4xwc-sg/3127dbe6406248c484263cdcd65e966b~tplv-aphluv4xwc-white-pad-v1:200:200.jpeg?lk3s=97278606&x-expires=1777354918&x-signature=%2F51h0jZm%2Bydx2GkqAoQqYTa8O5c%3D&x-signature-webp=TJg8D%2Be0yUz3aJ2abfJoSU3QwkU%3D","https://p16-images-sign-sg.tokopedia-static.net/tos-alisg-i-aphluv4xwc-sg/3127dbe6406248c484263cdcd65e966b~tplv-aphluv4xwc-white-pad-v1:300:300.jpeg?lk3s=97278606&x-expires=1777354918&x-signature=waZoySt%2Fkb1DsYOqKSozskvR9u4%3D&x-signature-webp=vHTsTyRKphfaK45uz%2FoO%2FY4yfTw%3D",,,,,"9276538850","2005086","Gitar Elektrik Epiphone Les Paul Gitar Listrik Epiphone Les Paul (TP)",,"1529899","Rp3.750.000",,"Rp1.529.899","4.5","Semarang","2480948","Gallery Music Semarang","1","7494812570411370798","https://www.tokopedia.com/gallerymusicsemarang","9997","1","9997","18","1731883048728102190","1731249637736088878","https://www.tokopedia.com/gallerymusicsemarang/gitar-elektrik-epiphone-les-paul-gitar-listrik-epiphone-les-paul-tp-1731883048728102190"
"3","Kab. Bekasi","https://p16-images-comn-sg.tokopedia-static.net/tos-alisg-i-zr7vqa5nfb-sg/img/goldmerchant/pm_activation/badge/Power%20Merchant%20Pro.png~tplv-zr7vqa5nfb-image.image","film-musik/gitar-bass/gitar-elektrik","57","Film & Musik",,"16020890153","5 terjual","double_date_4","Bisa COD","Rp2.300.000","Bisa COD",,,,"https://p16-images-sign-sg.tokopedia-static.net/tos-alisg-i-aphluv4xwc-sg/img/VqbcmM/2025/1/9/80fc4d38-71ad-4840-b143-5b419a4f4178.jpg~tplv-aphluv4xwc-white-pad-v1:200:200.jpeg?lk3s=97278606&x-expires=1777354918&x-signature=wEOFbdw%2F83dJw%2B6XsLgr8GddzxY%3D&x-signature-webp=rF%2FiZ9TLZA%2BhsV8EjEbtAds1eM0%3D","https://p19-images-sign-sg.tokopedia-static.net/tos-alisg-i-aphluv4xwc-sg/img/VqbcmM/2025/1/9/80fc4d38-71ad-4840-b143-5b419a4f4178.jpg~tplv-aphluv4xwc-white-pad-v1:300:300.jpeg?lk3s=97278606&x-expires=1777354918&x-signature=6x9f%2FB9d91XQ%2FPIqwLI3cnr3QBA%3D&x-signature-webp=tZzpL8ggLFT44lQ%2BEJwpgg9djQk%3D",,,,,"4431244292","1290601","Gitar ibanez jem flower biru",,"2300000",,,"Rp2.300.000","5.0","Kab. Bekasi","1126549","ALshopbekasi","3","7494871045377460738","https://www.tokopedia.com/alshopjakarta","10","1","10","5","1731489530753287682","1731489530753222146","https://www.tokopedia.com/alshopjakarta/gitar-ibanez-jem-flower-biru-1730764493652067881"
"2","Jakarta Barat",,"film-musik/gitar-bass/gitar-elektrik","57","Film & Musik",,"14762115454","10 terjual","double_date_4","Rp1.349.000",,,,,,"https://p16-images-sign-sg.tokopedia-static.net/tos-alisg-i-aphluv4xwc-sg/img/VqbcmM/2024/8/9/accde14f-bfa0-49ad-9ac5-61d69f4bdc48.jpg~tplv-aphluv4xwc-white-pad-v1:200:200.jpeg?lk3s=97278606&x-expires=1777354918&x-signature=8EdOrhtHz0ca0o0OrSl9J%2ByctVI%3D&x-signature-webp=wdxs%2F6io40AulOYLfkkX88LNUZQ%3D","https://p16-images-sign-sg.tokopedia-static.net/tos-alisg-i-aphluv4xwc-sg/img/VqbcmM/2024/8/9/accde14f-bfa0-49ad-9ac5-61d69f4bdc48.jpg~tplv-aphluv4xwc-white-pad-v1:300:300.jpeg?lk3s=97278606&x-expires=1777354918&x-signature=QFENs0ubxagNIMj21xuhK1gIs%2FA%3D&x-signature-webp=kEFZhzspJCAKsfwYWN1%2BVvhabYU%3D",,,,,"14762115452","341106","Gitar Elektrik Merk Ibanez Tipe S Series Warna Merah / Red Bonus Tas dan Kabel Jack Listrik Murah Jakarta",,"1349000",,,"Rp1.349.000","5.0","Jakarta Barat","440273","Toko Gitar Jakarta Official","1","7495811584458918464","https://www.tokopedia.com/gitarjakarta","91","1","91","10","1730145734450382400","1730145734450316864","https://www.tokopedia.com/gitarjakarta/gitar-elektrik-merk-ibanez-tipe-s-series-warna-merah-red-bonus-tas-dan-kabel-jack-listrik-murah-jakarta-merah-red-3f4b1"
"2","Kab. Malang",,"film-musik/gitar-bass/gitar-elektrik","57","Film & Musik",,"100564170032","double_date_4","Rp550.000",,,,,,,"https://p16-images-sign-sg.tokopedia-static.net/tos-alisg-i-aphluv4xwc-sg/f2a09370603f4507953436404d0793e6~tplv-aphluv4xwc-white-pad-v1:200:200.jpeg?lk3s=97278606&x-expires=1777354918&x-signature=yNN9C6DHN1BFJH9lIl77G7g0hSI%3D&x-signature-webp=JHDO31GYkknRsLpc50ecpkymyt4%3D","https://p16-images-sign-sg.tokopedia-static.net/tos-alisg-i-aphluv4xwc-sg/f2a09370603f4507953436404d0793e6~tplv-aphluv4xwc-white-pad-v1:300:300.jpeg?lk3s=97278606&x-expires=1777354918&x-signature=Zi2rO068OtYehg83Rn0f0gmDlK0%3D&x-signature-webp=Fo9iE4%2BWCadhR2BmMlsgRJWZiyo%3D",,,,,,"19737822","Gitar Listrik Normal Senar Ceper dengan Body Sticker Tahan Lama",,"550000",,,"Rp550.000",,"Kab. Malang","7494790543945338000","Diagupra","1","7494790543945337697","https://www.tokopedia.com/diagupra","1","1","1",,"1731389014059222881","1731388952341546849","https://www.tokopedia.com/diagupra/gitar-listrik-normal-senar-ceper-dengan-body-sticker-tahan-lama-1731388952341546849"
"2","Kab. Sukoharjo",,"film-musik/gitar-bass/gitar-elektrik","57","Film & Musik",,"100334491167","10 terjual","double_date_4","Hemat s.d 1% Pakai Bonus","Rp1.250.000","Hemat s.d 1% Pakai Bonus","Bisa COD",,,"https://p16-images-sign-sg.tokopedia-static.net/tos-alisg-i-aphluv4xwc-sg/85d21f74a8f140b49da424bd1182bcaa~tplv-aphluv4xwc-white-pad-v1:200:200.jpeg?lk3s=97278606&x-expires=1777354918&x-signature=PlzdKvjcMOLuNtU4RkWsCaBnrsE%3D&x-signature-webp=Xce16k9X3diuy5DY2IDDVEMy7ug%3D","https://p16-images-sign-sg.tokopedia-static.net/tos-alisg-i-aphluv4xwc-sg/85d21f74a8f140b49da424bd1182bcaa~tplv-aphluv4xwc-white-pad-v1:300:300.jpeg?lk3s=97278606&x-expires=1777354918&x-signature=DdjtVFr7HMgaSUCQltYt9PMy%2FFo%3D&x-signature-webp=5K0nrebTFcqIPnuqs0MKW6rH5FM%3D",,,,,,"18772955","Difergio Gitar Elektrik Ibanez RG Kayu Solid Javanes Neck Maple Fretboard Rosewood/Sonokeling Pickup Impor Garansi 100%",,"1250000",,,"Rp1.250.000","5.0","Kab. Sukoharjo","7495756797916581000","Rivertone Musik","1","7495756797916580491","https://www.tokopedia.com/rivertone-musik","21","1","21","10","1729756940600379019","1729756940544804491","https://www.tokopedia.com/rivertone-musik/difergio-gitar-elektrik-ibanez-rg-kayu-solid-javanes-neck-maple-fretboard-rosewood-sonokeling-pickup-impor-garansi-100-1729756940544804491"
"2","Kab. Bogor",,"film-musik/gitar-bass/gitar-elektrik","57","Film & Musik",,"56546570","8 terjual","double_date_4","Hemat s.d 1% Pakai Bonus","Rp450.000","Hemat s.d 1% Pakai Bonus",,,,"https://p16-images-sign-sg.tokopedia-static.net/tos-alisg-i-aphluv4xwc-sg/img/product-1/2016/8/11/239061/239061_2ca59be6-6184-4190-91ef-ebc5e1e72219.jpg~tplv-aphluv4xwc-white-pad-v1:200:200.jpeg?lk3s=97278606&x-expires=1777354918&x-signature=COAgAavmeLWf%2FHtnRDz2vYFLndg%3D&x-signature-webp=LYAmGMDxVafg1zM9pVuptA3C90k%3D","https://p16-images-sign-sg.tokopedia-static.net/tos-alisg-i-aphluv4xwc-sg/img/product-1/2016/8/11/239061/239061_2ca59be6-6184-4190-91ef-ebc5e1e72219.jpg~tplv-aphluv4xwc-white-pad-v1:300:300.jpeg?lk3s=97278606&x-expires=1777354918&x-signature=1n24ji5Uq%2FKuAF9aEMTCWtFTZZY%3D&x-signature-webp=PwjHzPGmJaxowe71aG0u9dme%2BSo%3D",,,,,,"301520","Gitar Listrik Melodi Gibson",,"450000",,,"Rp450.000","3.5","Kab. Bogor","239061","NS Music_NEW","1","7495809668247423768","https://www.tokopedia.com/nifiviashop","99998","1","99998","8","1729812156892481304","1729812156892415768","https://www.tokopedia.com/nifiviashop/gitar-listrik-melodi-gibson"
"2","Kab. Sukoharjo",,"film-musik/gitar-bass/gitar-akustik","57","Film & Musik",,"100514379585","12 terjual","double_date_4","Bisa COD","Rp1.199.000","Bisa COD",,,,"https://p16-images-sign-sg.tokopedia-static.net/tos-alisg-i-aphluv4xwc-sg/5ad575de57f949cd99ff078fd9c1e8ce~tplv-aphluv4xwc-white-pad-v1:200:200.jpeg?lk3s=97278606&x-expires=1777354918&x-signature=NJlNLrNzWbcpqqhx%2FKAeitIyEsM%3D&x-signature-webp=BYI00RffNqnDhbdr4HxWWxUcv2Y%3D","https://p16-images-sign-sg.tokopedia-static.net/tos-alisg-i-aphluv4xwc-sg/5ad575de57f949cd99ff078fd9c1e8ce~tplv-aphluv4xwc-white-pad-v1:300:300.jpeg?lk3s=97278606&x-expires=1777354918&x-signature=OjUzerz0qhehQqY8k5Tr2GXalIQ%3D&x-signature-webp=1eAgD2Q6x0ZP%2BoCKfi4DVrw0%2FFk%3D",,,,,"16082082549","2898671","Gitar Listrik Difergio Malverick Model LP",,"1199000",,,"Rp1.199.000","3.8","Kab. Sukoharjo","3819947","SHALSAMUSIK","1","7494474153466300677","https://www.tokopedia.com/shalsamusik","3","1","3","12","1730837743644214533","1730799113509831941","https://www.tokopedia.com/shalsamusik/gitar-listrik-difergio-malverick-model-lp-1730837743644214533"
"2","Kab. Gresik",,"film-musik/gitar-bass/gitar-elektrik","57","Film & Musik",,"102081588676","1 terjual","double_date_4","Rp1.250.000",,,,,,"https://p16-images-sign-sg.tokopedia-static.net/tos-alisg-i-aphluv4xwc-sg/9c0564554e9b48e8af7423f46318840c~tplv-aphluv4xwc-white-pad-v1:200:200.jpeg?lk3s=97278606&x-expires=1777354918&x-signature=bni4GEPnFqMMv7D9A53JDC92WDw%3D&x-signature-webp=5ifNjkNQRxT0tzGwRwg0huiqg0Y%3D","https://p16-images-sign-sg.tokopedia-static.net/tos-alisg-i-aphluv4xwc-sg/9c0564554e9b48e8af7423f46318840c~tplv-aphluv4xwc-white-pad-v1:300:300.jpeg?lk3s=97278606&x-expires=1777354918&x-signature=5SZu4MMAhfImOCUueVi19F4yJ4U%3D&x-signature-webp=D0f6fmdXfqGSEMVhRjE1bNAkw9k%3D",,,,,,"2891138","Gitar Elektrik Gillmore GM 03 FR Original Ori Jackson Ibanez Musicman",,"1250000",,,"Rp1.250.000",,"Kab. Gresik","3805902","Gitar dan Bass Surabaya","1","7495812184036771948","https://www.tokopedia.com/archive-gitardanbasssby","1","1","1","1","1732186180767745132","1732186206715085932","https://www.tokopedia.com/archive-gitardanbasssby/gitar-elektrik-gillmore-gm-03-fr-original-ori-jackson-ibanez-musicman-1732186206715085932"
"2","Kab. Sukoharjo",,"film-musik/gitar-bass/efek-gitar-bass","57","Film & Musik",,"100559816441","30+ terjual","double_date_4","Beli Lokal","Hemat s.d 1% Pakai Bonus","20%","Rp1.124.999","Hemat s.d 1% Pakai Bonus","+Hadiah Gratis","https://p16-images-sign-sg.tokopedia-static.net/tos-alisg-i-aphluv4xwc-sg/73550b4fcff64fcb861a3ba3e147a15f~tplv-aphluv4xwc-white-pad-v1:200:200.jpeg?lk3s=97278606&x-expires=1777354918&x-signature=mb%2B%2FD8kEMNVaJaTsil95goDf1ks%3D&x-signature-webp=Uzja9kyyVKPsRhxI1OTreDaPymU%3D","https://p16-images-sign-sg.tokopedia-static.net/tos-alisg-i-aphluv4xwc-sg/73550b4fcff64fcb861a3ba3e147a15f~tplv-aphluv4xwc-white-pad-v1:300:300.jpeg?lk3s=97278606&x-expires=1777354918&x-signature=pIWwsBYxf3h6BmH0oaBPnOrHheY%3D&x-signature-webp=uVoK7JgPhhVtZcFxIMPfjkAmMlU%3D",,,,,"100291295015","10293556","Gitar Elektrik Merk Kowe Original Seri Stronger Bonus Efek Delay, Distorsi dan Cabsim",,"1124999","Rp1.400.000",,"Rp1.124.999","4.7","Kab. Sukoharjo","10232065","Kowe Gitar Kita","1","7494735637826930794","https://www.tokopedia.com/myfamsguitar","9","1","9","36","1731576371264717930","1730815214980793450","https://www.tokopedia.com/myfamsguitar/gitar-elektrik-merk-kowe-original-seri-stronger-bonus-efek-delay-distorsi-dan-cabsim-1731576371264717930"
"3","Jakarta Selatan","https://p16-images-comn-sg.tokopedia-static.net/tos-alisg-i-zr7vqa5nfb-sg/img/goldmerchant/pm_activation/badge/Power%20Merchant%20Pro.png~tplv-zr7vqa5nfb-image.image","film-musik/gitar-bass/gitar-elektrik","57","Film & Musik",,"16686042296","17 terjual","double_date_4","Hemat s.d 1% Pakai Bonus","Rp1.880.000","Hemat s.d 1% Pakai Bonus","Bisa COD",,,"https://p16-images-sign-sg.tokopedia-static.net/tos-alisg-i-aphluv4xwc-sg/img/VqbcmM/2025/5/28/d8a3ff30-9fc0-442f-a421-0adf2c013296.png~tplv-aphluv4xwc-white-pad-v1:200:200.jpeg?lk3s=97278606&x-expires=1777354918&x-signature=23IizsCWiUPgs5avxCzgtSLgLqQ%3D&x-signature-webp=7RTz85e7W83AMVoDhJBYq2in2HU%3D","https://p19-images-sign-sg.tokopedia-static.net/tos-alisg-i-aphluv4xwc-sg/img/VqbcmM/2025/5/28/d8a3ff30-9fc0-442f-a421-0adf2c013296.png~tplv-aphluv4xwc-white-pad-v1:300:300.jpeg?lk3s=97278606&x-expires=1777354918&x-signature=qCxlg9ndDhuRvB2CPW%2FeFajv8og%3D&x-signature-webp=E8uz4RvzwJsuZvLq7XKN6QBUy8Q%3D",,,,,,"8287117","Donner DST-80 Electric Guitar - Surf Green",,"1880000",,,"Rp1.880.000","5.0","Jakarta Selatan","8091204","GALERI MUSIK SIMFONI PIM","3","7495816580645358038","https://www.tokopedia.com/galerimusiksimfo","1","1","1","17","1731527648380487126","1731527648380421590","https://www.tokopedia.com/galerimusiksimfo/donner-dst-80-electric-guitar-surf-green-1731527648380421590"
"2","Bandung",,"film-musik/gitar-bass/gitar-elektrik","57","Film & Musik",,"4392302620","5 terjual","double_date_4","Hemat s.d 1% Pakai Bonus","Rp3.190.000","Hemat s.d 1% Pakai Bonus",,,,"https://p16-images-sign-sg.tokopedia-static.net/tos-alisg-i-aphluv4xwc-sg/img/hDjmkQ/2025/1/31/569e33f4-f5a9-4db6-8a5b-bdc7efae1af5.jpg~tplv-aphluv4xwc-white-pad-v1:200:200.jpeg?lk3s=97278606&x-expires=1777354918&x-signature=e4nKUAgJV6YTl%2BtcIVzPqAwQsLo%3D&x-signature-webp=U5dnQ1g8PXvJi5sz4aTmcHz7Kb8%3D","https://p16-images-sign-sg.tokopedia-static.net/tos-alisg-i-aphluv4xwc-sg/img/hDjmkQ/2025/1/31/569e33f4-f5a9-4db6-8a5b-bdc7efae1af5.jpg~tplv-aphluv4xwc-white-pad-v1:300:300.jpeg?lk3s=97278606&x-expires=1777354918&x-signature=pR2wJQyoQhNnMosciWrN27xT56o%3D&x-signature-webp=yUjj7HmmuK18mQ5x1D1xN2pkTUI%3D",,,,,,"10978116","Ibanez GRGR131EX Gitar Elektrik Original / GRGR 131 EX / GRGR 131EX",,"3190000",,,"Rp3.190.000","5.0","Bandung","10968023","Bandung Music Gallery","1","7495817637319904054","https://www.tokopedia.com/bandungmusicgallery","6","1","6","5","1729874133168850742","1729874133168785206","https://www.tokopedia.com/bandungmusicgallery/ibanez-grgr131ex-gitar-elektrik-original-grgr-131-ex-grgr-131ex"
"3","Depok","https://p16-images-comn-sg.tokopedia-static.net/tos-alisg-i-zr7vqa5nfb-sg/img/goldmerchant/pm_activation/badge/Power%20Merchant%20Pro.png~tplv-zr7vqa5nfb-image.image","film-musik/gitar-bass/gitar-elektrik","57","Film & Musik",,"16458206862","2 terjual","double_date_4","Hemat s.d 1% Pakai Bonus","Rp1.550.000","Hemat s.d 1% Pakai Bonus","Bisa COD",,,"https://p16-images-sign-sg.tokopedia-static.net/tos-alisg-i-aphluv4xwc-sg/6432a3e7e8234814adf52f1e0cde4211~tplv-aphluv4xwc-white-pad-v1:200:200.jpeg?lk3s=97278606&x-expires=1777354918&x-signature=m8DavDP2rL2RZG2%2FnSI85Mr4eUI%3D&x-signature-webp=mBV43LQkD0UnPbdzpv9T9kxYGjY%3D","https://p16-images-sign-sg.tokopedia-static.net/tos-alisg-i-aphluv4xwc-sg/6432a3e7e8234814adf52f1e0cde4211~tplv-aphluv4xwc-white-pad-v1:300:300.jpeg?lk3s=97278606&x-expires=1777354918&x-signature=HB02JbDzSgThmmDdz4iD2BtCbz0%3D&x-signature-webp=8nvvzeWsbYsq10486OJWEVMs3Hc%3D",,,,,,"13396420","Gitar metal elektrik HSH lawas vintage",,"1550000",,,"Rp1.550.000","5.0","Depok","13496250","Yono gitar","3","7496249975879273383","https://www.tokopedia.com/yono-gitar","1","1","1","2","1731843670748923815","1731843670748858279","https://www.tokopedia.com/yono-gitar/gitar-metal-elektrik-hsh-lawas-vintage-1731843670748858279"
"2","Kab. Sukoharjo",,"film-musik/gitar-bass/senar-gitar","57","Film & Musik",,"100314971632","2 terjual","double_date_4","Hemat s.d 1% Pakai Bonus","Rp1.100.000","Hemat s.d 1% Pakai Bonus","Bisa COD",,,"https://p16-images-sign-sg.tokopedia-static.net/tos-alisg-i-aphluv4xwc-sg/c8a8606203874ce7b5afb8b30e1b293d~tplv-aphluv4xwc-white-pad-v1:200:200.jpeg?lk3s=97278606&x-expires=1777354918&x-signature=nxZ3hD2jSDHBJ1KrA1BI%2BabycMU%3D&x-signature-webp=iKJdFCx1Wt055BLqF16Ir0KTPQ8%3D","https://p19-images-sign-sg.tokopedia-static.net/tos-alisg-i-aphluv4xwc-sg/c8a8606203874ce7b5afb8b30e1b293d~tplv-aphluv4xwc-white-pad-v1:300:300.jpeg?lk3s=97278606&x-expires=1777354918&x-signature=VKIgJthPj6hB8s6JNSNIUWYgkhQ%3D&x-signature-webp=HExOh2gwSwg52sq5bJ6lVTXlzQo%3D",,,,,,"18751846","Gitar Elektrik Difergio Model Telcaster - Merek Terkenal",,"1100000",,,"Rp1.100.000",,"Kab. Sukoharjo","7494527090492410000","OVERHEAD GTR","1","7494527090492410064","https://www.tokopedia.com/overhead-gtr","11","1","11","2","1729780744401880272","1729780741013341392","https://www.tokopedia.com/overhead-gtr/gitar-elektrik-difergio-model-telcaster-merek-terkenal-1729780741013341392"
